Sampling Date,State,City/Town/Village/Area,Location of Monitoring Station,Type of Location,SO2,NO2,RSPM/PM10,SPM
1/3/2009,West Bengal,Asansol,Asansol M.C.,Industrial Areas,9.3,72.8,268,636
1/5/2009,West Bengal,Asansol,Asansol M.C.,Industrial Areas,9.5,86.8,271,624
1/8/2009,West Bengal,Asansol,Asansol M.C.,Industrial Areas,9.9,85,246,550
1/11/2009,West Bengal,Asansol,Asansol M.C.,Industrial Areas,13.1,93.6,256,546
15/1/2009,West Bengal,Asansol,Asansol M.C.,Industrial Areas,14.5,95.9,247,552
20/1/2009,West Bengal,Asansol,Asansol M.C.,Industrial Areas,12.4,95,242,514
23/1/2009,West Bengal,Asansol,Asansol M.C.,Industrial Areas,12.7,84.1,334,659
26/1/2009,West Bengal,Asansol,Asansol M.C.,Industrial Areas,13.3,86.3,284,594
28/1/2009,West Bengal,Asansol,Asansol M.C.,Industrial Areas,12.2,94.1,267,565
2/3/2009,West Bengal,Asansol,Asansol M.C.,Industrial Areas,14.1,78.5,288,600
2/7/2009,West Bengal,Asansol,Asansol M.C.,Industrial Areas,15.5,89.5,304,635
2/9/2009,West Bengal,Asansol,Asansol M.C.,Industrial Areas,13.7,82.5,231,485
13/2/2009,West Bengal,Asansol,Asansol M.C.,Industrial Areas,14.2,87.1,286,597
15/2/2009,West Bengal,Asansol,Asansol M.C.,Industrial Areas,17.2,87.5,304,632
19/2/2009,West Bengal,Asansol,Asansol M.C.,Industrial Areas,16,83.2,209,438
25/2/2009,West Bengal,Asansol,Asansol M.C.,Industrial Areas,15.5,87.8,264,560
27/2/2009,West Bengal,Asansol,Asansol M.C.,Industrial Areas,14,85.4,271,566
3/3/2009,West Bengal,Asansol,Asansol M.C.,Industrial Areas,11.4,90.6,249,520
3/7/2009,West Bengal,Asansol,Asansol M.C.,Industrial Areas,14.1,87.3,257,537
3/9/2009,West Bengal,Asansol,Asansol M.C.,Industrial Areas,15,83.9,258,533
13/3/2009,West Bengal,Asansol,Asansol M.C.,Industrial Areas,13.4,80.3,225,474
15/3/2009,West Bengal,Asansol,Asansol M.C.,Industrial Areas,13.6,83.3,249,516
18/3/2009,West Bengal,Asansol,Asansol M.C.,Industrial Areas,13,79.6,261,534
23/3/2009,West Bengal,Asansol,Asansol M.C.,Industrial Areas,14,77.3,263,541
26/3/2009,West Bengal,Asansol,Asansol M.C.,Industrial Areas,12.9,79.8,230,477
29/3/2009,West Bengal,Asansol,Asansol M.C.,Industrial Areas,12.5,77.8,261,534
4/3/2009,West Bengal,Asansol,Asansol M.C.,Industrial Areas,12.3,75.1,219,450
4/9/2009,West Bengal,Asansol,Asansol M.C.,Industrial Areas,11.9,72,196,402
4/11/2009,West Bengal,Asansol,Asansol M.C.,Industrial Areas,11.5,71.8,244,497
14/4/2009,West Bengal,Asansol,Asansol M.C.,Industrial Areas,12.4,73.8,249,512
20/4/2009,West Bengal,Asansol,Asansol M.C.,Industrial Areas,13.3,74.5,288,585
26/4/2009,West Bengal,Asansol,Asansol M.C.,Industrial Areas,12.5,80,268,548
29/4/2009,West Bengal,Asansol,Asansol M.C.,Industrial Areas,12.3,79.1,153,318
5/3/2009,West Bengal,Asansol,Asansol M.C.,Industrial Areas,9.6,82.5,105,502
5/8/2009,West Bengal,Asansol,Asansol M.C.,Industrial Areas,7.5,51.6,139,314
5/11/2009,West Bengal,Asansol,Asansol M.C.,Industrial Areas,6.6,51.4,93,209
14/5/2009,West Bengal,Asansol,Asansol M.C.,Industrial Areas,7.8,54.5,149,321
19/5/2009,West Bengal,Asansol,Asansol M.C.,Industrial Areas,6.4,44.2,68,169
23/5/2009,West Bengal,Asansol,Asansol M.C.,Industrial Areas,7.4,46.8,54,119
27/5/2009,West Bengal,Asansol,Asansol M.C.,Industrial Areas,6.9,51.5,90,194
30/5/2009,West Bengal,Asansol,Asansol M.C.,Industrial Areas,8.2,55.3,100,213
6/2/2009,West Bengal,Asansol,Asansol M.C.,Industrial Areas,7.3,66.1,95,198
6/6/2009,West Bengal,Asansol,Asansol M.C.,Industrial Areas,7.8,52.8,71,162
6/8/2009,West Bengal,Asansol,Asansol M.C.,Industrial Areas,7.2,58.9,92,211
6/11/2009,West Bengal,Asansol,Asansol M.C.,Industrial Areas,6.5,50.5,52,128
17/6/2009,West Bengal,Asansol,Asansol M.C.,Industrial Areas,8,56.1,68,162
19/6/2009,West Bengal,Asansol,Asansol M.C.,Industrial Areas,8.7,55.9,101,229
21/6/2009,West Bengal,Asansol,Asansol M.C.,Industrial Areas,8.9,55.2,91,215
24/6/2009,West Bengal,Asansol,Asansol M.C.,Industrial Areas,8,51.4,65,157
29/6/2009,West Bengal,Asansol,Asansol M.C.,Industrial Areas,7,49.3,65,146
7/4/2009,West Bengal,Asansol,Asansol M.C.,Industrial Areas,6.3,52.1,55,127
7/6/2009,West Bengal,Asansol,Asansol M.C.,Industrial Areas,5.8,46.6,52,129
7/9/2009,West Bengal,Asansol,Asansol M.C.,Industrial Areas,5.9,40.4,38,107
15/7/2009,West Bengal,Asansol,Asansol M.C.,Industrial Areas,4.9,35.6,25,71
18/7/2009,West Bengal,Asansol,Asansol M.C.,Industrial Areas,5.6,36.6,38,93
21/7/2009,West Bengal,Asansol,Asansol M.C.,Industrial Areas,6.3,40.2,64,156
24/7/2009,West Bengal,Asansol,Asansol M.C.,Industrial Areas,6.9,40.8,58,139
26/7/2009,West Bengal,Asansol,Asansol M.C.,Industrial Areas,7.6,43.7,48,118
30/7/2009,West Bengal,Asansol,Asansol M.C.,Industrial Areas,5.3,35.8,58,125
8/3/2009,West Bengal,Asansol,Asansol M.C.,Industrial Areas,5.8,39,50,100
8/7/2009,West Bengal,Asansol,Asansol M.C.,Industrial Areas,6.1,36.5,50,111
8/9/2009,West Bengal,Asansol,Asansol M.C.,Industrial Areas,5.9,44,101,234
8/12/2009,West Bengal,Asansol,Asansol M.C.,Industrial Areas,6.3,44.4,37,90
18/8/2009,West Bengal,Asansol,Asansol M.C.,Industrial Areas,5.4,34.8,27,63
22/8/2009,West Bengal,Asansol,Asansol M.C.,Industrial Areas,5.2,34,51,123
24/8/2009,West Bengal,Asansol,Asansol M.C.,Industrial Areas,5.2,35.9,47,115
27/8/2009,West Bengal,Asansol,Asansol M.C.,Industrial Areas,5.7,35.6,50,114
30/8/2009,West Bengal,Asansol,Asansol M.C.,Industrial Areas,6.1,36.8,55,131
9/5/2009,West Bengal,Asansol,Asansol M.C.,Industrial Areas,5,34.9,20,50
9/7/2009,West Bengal,Asansol,Asansol M.C.,Industrial Areas,4.8,35,23,62
9/10/2009,West Bengal,Asansol,Asansol M.C.,Industrial Areas,5.6,38.5,57,133
14/9/2009,West Bengal,Asansol,Asansol M.C.,Industrial Areas,6.7,45.5,109,234
18/9/2009,West Bengal,Asansol,Asansol M.C.,Industrial Areas,7.2,45.3,81,183
20/9/2009,West Bengal,Asansol,Asansol M.C.,Industrial Areas,6.5,42.4,71,169
22/9/2009,West Bengal,Asansol,Asansol M.C.,Industrial Areas,7.6,46.9,123,276
30/9/2009,West Bengal,Asansol,Asansol M.C.,Industrial Areas,7.2,50.7,55,135
10/3/2009,West Bengal,Asansol,Asansol M.C.,Industrial Areas,7.1,44,64,150
10/6/2009,West Bengal,Asansol,Asansol M.C.,Industrial Areas,6.5,43.1,46,107
10/9/2009,West Bengal,Asansol,Asansol M.C.,Industrial Areas,6.9,45.3,113,247
10/12/2009,West Bengal,Asansol,Asansol M.C.,Industrial Areas,7.8,49,117,254
15/10/2009,West Bengal,Asansol,Asansol M.C.,Industrial Areas,8.6,58.3,152,318
21/10/2009,West Bengal,Asansol,Asansol M.C.,Industrial Areas,8.5,54.7,126,283
23/10/2009,West Bengal,Asansol,Asansol M.C.,Industrial Areas,10.4,58,190,393
25/10/2009,West Bengal,Asansol,Asansol M.C.,Industrial Areas,9.9,52.1,190,403
29/10/2009,West Bengal,Asansol,Asansol M.C.,Industrial Areas,9.2,56,219,446
11/3/2009,West Bengal,Asansol,Asansol M.C.,Industrial Areas,9.2,57.8,225,479
11/6/2009,West Bengal,Asansol,Asansol M.C.,Industrial Areas,8.3,53,164,355
11/11/2009,West Bengal,Asansol,Asansol M.C.,Industrial Areas,9.6,54.3,239,514
14/11/2009,West Bengal,Asansol,Asansol M.C.,Industrial Areas,8.7,52,137,293
16/11/2009,West Bengal,Asansol,Asansol M.C.,Industrial Areas,8.9,50,103,234
19/11/2009,West Bengal,Asansol,Asansol M.C.,Industrial Areas,8.4,54.7,125,269
22/11/2009,West Bengal,Asansol,Asansol M.C.,Industrial Areas,9.1,58.4,187,394
24/11/2009,West Bengal,Asansol,Asansol M.C.,Industrial Areas,9.1,62.6,226,483
30/11/2009,West Bengal,Asansol,Asansol M.C.,Industrial Areas,9.8,63.7,194,416
12/5/2009,West Bengal,Asansol,Asansol M.C.,Industrial Areas,9.9,66.6,341,624
12/7/2009,West Bengal,Asansol,Asansol M.C.,Industrial Areas,10.1,67.7,313,642
12/10/2009,West Bengal,Asansol,Asansol M.C.,Industrial Areas,11.7,76.7,305,621
13/12/2009,West Bengal,Asansol,Asansol M.C.,Industrial Areas,12,82.6,381,771
15/12/2009,West Bengal,Asansol,Asansol M.C.,Industrial Areas,12.2,84.8,387,781
23/12/2009,West Bengal,Asansol,Asansol M.C.,Industrial Areas,10.6,78.8,202,431
25/12/2009,West Bengal,Asansol,Asansol M.C.,Industrial Areas,9.8,76.1,207,442
29/12/2009,West Bengal,Asansol,Asansol M.C.,Industrial Areas,11.2,76.6,263,550
1/3/2009,West Bengal,Durgapur (WB),Dew India Ltd,Industrial Areas,9.6,73.3,273,654
1/5/2009,West Bengal,Durgapur (WB),Dew India Ltd,Industrial Areas,9.6,92.2,277,658
1/8/2009,West Bengal,Durgapur (WB),Dew India Ltd,Industrial Areas,11.7,93.6,259,578
1/11/2009,West Bengal,Durgapur (WB),Dew India Ltd,Industrial Areas,15.9,101.3,275,605
15/1/2009,West Bengal,Durgapur (WB),Dew India Ltd,Industrial Areas,15.7,98.9,300,637
20/1/2009,West Bengal,Durgapur (WB),Dew India Ltd,Industrial Areas,15.2,110.2,326,681
23/1/2009,West Bengal,Durgapur (WB),Dew India Ltd,Industrial Areas,15.6,92.5,362,755
26/1/2009,West Bengal,Durgapur (WB),Dew India Ltd,Industrial Areas,15.1,87.7,327,684
28/1/2009,West Bengal,Durgapur (WB),Dew India Ltd,Industrial Areas,13.2,115.3,316,654
2/3/2009,West Bengal,Durgapur (WB),Dew India Ltd,Industrial Areas,16.1,91.8,349,723
2/7/2009,West Bengal,Durgapur (WB),Dew India Ltd,Industrial Areas,19,105.4,368,770
2/9/2009,West Bengal,Durgapur (WB),Dew India Ltd,Industrial Areas,14.8,89.1,247,523
13/2/2009,West Bengal,Durgapur (WB),Dew India Ltd,Industrial Areas,16.9,94.1,307,638
15/2/2009,West Bengal,Durgapur (WB),Dew India Ltd,Industrial Areas,18.5,93.7,329,676
19/2/2009,West Bengal,Durgapur (WB),Dew India Ltd,Industrial Areas,17.8,97.2,255,530
25/2/2009,West Bengal,Durgapur (WB),Dew India Ltd,Industrial Areas,17.1,90.8,304,641
27/2/2009,West Bengal,Durgapur (WB),Dew India Ltd,Industrial Areas,16,92.6,290,602
3/3/2009,West Bengal,Durgapur (WB),Dew India Ltd,Industrial Areas,13.7,99.6,276,577
3/7/2009,West Bengal,Durgapur (WB),Dew India Ltd,Industrial Areas,16.9,92.3,287,593
3/9/2009,West Bengal,Durgapur (WB),Dew India Ltd,Industrial Areas,18.1,98.4,274,565
13/3/2009,West Bengal,Durgapur (WB),Dew India Ltd,Industrial Areas,15.8,88.9,249,519
15/3/2009,West Bengal,Durgapur (WB),Dew India Ltd,Industrial Areas,16.7,90.7,259,542
18/3/2009,West Bengal,Durgapur (WB),Dew India Ltd,Industrial Areas,14.6,84.6,282,579
23/3/2009,West Bengal,Durgapur (WB),Dew India Ltd,Industrial Areas,16.3,88.7,275,570
26/3/2009,West Bengal,Durgapur (WB),Dew India Ltd,Industrial Areas,15.8,87.9,244,506
29/3/2009,West Bengal,Durgapur (WB),Dew India Ltd,Industrial Areas,14.6,84.1,277,566
4/3/2009,West Bengal,Durgapur (WB),Dew India Ltd,Industrial Areas,13.9,83.3,247,510
4/9/2009,West Bengal,Durgapur (WB),Dew India Ltd,Industrial Areas,14.9,81.6,238,489
4/11/2009,West Bengal,Durgapur (WB),Dew India Ltd,Industrial Areas,14.1,81.1,255,527
14/4/2009,West Bengal,Durgapur (WB),Dew India Ltd,Industrial Areas,13.6,81.3,271,562
20/4/2009,West Bengal,Durgapur (WB),Dew India Ltd,Industrial Areas,14.1,81.5,316,644
26/4/2009,West Bengal,Durgapur (WB),Dew India Ltd,Industrial Areas,13.2,84,316,645
29/4/2009,West Bengal,Durgapur (WB),Dew India Ltd,Industrial Areas,14.1,84.9,199,408
5/4/2009,West Bengal,Durgapur (WB),Dew India Ltd,Industrial Areas,11.2,78.9,145,323
5/9/2009,West Bengal,Durgapur (WB),Dew India Ltd,Industrial Areas,12,81.9,322,674
5/12/2009,West Bengal,Durgapur (WB),Dew India Ltd,Industrial Areas,12.5,82.7,308,640
15/5/2009,West Bengal,Durgapur (WB),Dew India Ltd,Industrial Areas,13.7,82.4,217,464
20/5/2009,West Bengal,Durgapur (WB),Dew India Ltd,Industrial Areas,10.9,72.8,163,332
22/5/2009,West Bengal,Durgapur (WB),Dew India Ltd,Industrial Areas,11.4,77.6,127,276
24/5/2009,West Bengal,Durgapur (WB),Dew India Ltd,Industrial Areas,11.2,73.2,112,233
28/5/2009,West Bengal,Durgapur (WB),Dew India Ltd,Industrial Areas,12.7,70.3,140,292
6/1/2009,West Bengal,Durgapur (WB),Dew India Ltd,Industrial Areas,10.8,73.2,152,326
6/5/2009,West Bengal,Durgapur (WB),Dew India Ltd,Industrial Areas,10.7,70.2,106,259
6/7/2009,West Bengal,Durgapur (WB),Dew India Ltd,Industrial Areas,12.6,61,175,376
6/10/2009,West Bengal,Durgapur (WB),Dew India Ltd,Industrial Areas,13.2,67.2,229,497
16/6/2009,West Bengal,Durgapur (WB),Dew India Ltd,Industrial Areas,13.5,72,173,390
20/6/2009,West Bengal,Durgapur (WB),Dew India Ltd,Industrial Areas,13.8,70.9,181,411
22/6/2009,West Bengal,Durgapur (WB),Dew India Ltd,Industrial Areas,13.4,70,180,393
25/6/2009,West Bengal,Durgapur (WB),Dew India Ltd,Industrial Areas,12.1,65.5,132,303
28/6/2009,West Bengal,Durgapur (WB),Dew India Ltd,Industrial Areas,10,61.4,143,319
7/3/2009,West Bengal,Durgapur (WB),Dew India Ltd,Industrial Areas,7.8,53.4,110,203
7/5/2009,West Bengal,Durgapur (WB),Dew India Ltd,Industrial Areas,8.6,58.6,84,191
7/8/2009,West Bengal,Durgapur (WB),Dew India Ltd,Industrial Areas,7.8,51.4,74,164
14/7/2009,West Bengal,Durgapur (WB),Dew India Ltd,Industrial Areas,9.7,57.6,160,332
18/7/2009,West Bengal,Durgapur (WB),Dew India Ltd,Industrial Areas,9.7,59,117,255
20/7/2009,West Bengal,Durgapur (WB),Dew India Ltd,Industrial Areas,11.8,55.9,143,296
23/7/2009,West Bengal,Durgapur (WB),Dew India Ltd,Industrial Areas,8.8,50.6,77,169
27/7/2009,West Bengal,Durgapur (WB),Dew India Ltd,Industrial Areas,8.8,48.9,84,193
29/7/2009,West Bengal,Durgapur (WB),Dew India Ltd,Industrial Areas,8.5,51.6,78,173
8/2/2009,West Bengal,Durgapur (WB),Dew India Ltd,Industrial Areas,8,46.7,99,207
8/8/2009,West Bengal,Durgapur (WB),Dew India Ltd,Industrial Areas,7,39.9,80,175
8/10/2009,West Bengal,Durgapur (WB),Dew India Ltd,Industrial Areas,8.4,47.5,79,166
13/8/2009,West Bengal,Durgapur (WB),Dew India Ltd,Industrial Areas,8.4,50.3,53,120
19/8/2009,West Bengal,Durgapur (WB),Dew India Ltd,Industrial Areas,8.4,47.3,69,157
21/8/2009,West Bengal,Durgapur (WB),Dew India Ltd,Industrial Areas,7.3,42,60,134
25/8/2009,West Bengal,Durgapur (WB),Dew India Ltd,Industrial Areas,7.1,44.6,144,293
28/8/2009,West Bengal,Durgapur (WB),Dew India Ltd,Industrial Areas,7.8,45.8,81,187
31/8/2009,West Bengal,Durgapur (WB),Dew India Ltd,Industrial Areas,9.2,56.6,135,283
9/4/2009,West Bengal,Durgapur (WB),Dew India Ltd,Industrial Areas,7.1,36.7,64,140
9/6/2009,West Bengal,Durgapur (WB),Dew India Ltd,Industrial Areas,6,35.2,68,143
9/12/2009,West Bengal,Durgapur (WB),Dew India Ltd,Industrial Areas,8.7,52.8,157,331
15/9/2009,West Bengal,Durgapur (WB),Dew India Ltd,Industrial Areas,8.7,46.3,124,269
17/9/2009,West Bengal,Durgapur (WB),Dew India Ltd,Industrial Areas,7.5,44.7,111,239
21/9/2009,West Bengal,Durgapur (WB),Dew India Ltd,Industrial Areas,7.6,46.9,67,172
23/9/2009,West Bengal,Durgapur (WB),Dew India Ltd,Industrial Areas,10.3,52.4,197,390
29/9/2009,West Bengal,Durgapur (WB),Dew India Ltd,Industrial Areas,9,59.6,80,192
10/2/2009,West Bengal,Durgapur (WB),Dew India Ltd,Industrial Areas,10.3,53.4,122,253
10/5/2009,West Bengal,Durgapur (WB),Dew India Ltd,Industrial Areas,8,47.3,117,245
10/8/2009,West Bengal,Durgapur (WB),Dew India Ltd,Industrial Areas,9,53.9,149,299
10/11/2009,West Bengal,Durgapur (WB),Dew India Ltd,Industrial Areas,8.6,58.6,221,434
14/10/2009,West Bengal,Durgapur (WB),Dew India Ltd,Industrial Areas,9.7,58.7,197,399
20/10/2009,West Bengal,Durgapur (WB),Dew India Ltd,Industrial Areas,9.4,56,282,554
24/10/2009,West Bengal,Durgapur (WB),Dew India Ltd,Industrial Areas,9.4,58.7,294,599
26/10/2009,West Bengal,Durgapur (WB),Dew India Ltd,Industrial Areas,9.7,60,318,618
30/10/2009,West Bengal,Durgapur (WB),Dew India Ltd,Industrial Areas,9.5,66.1,270,545
11/2/2009,West Bengal,Durgapur (WB),Dew India Ltd,Industrial Areas,9.7,63.7,300,620
11/7/2009,West Bengal,Durgapur (WB),Dew India Ltd,Industrial Areas,10.3,69.8,329,672
11/10/2009,West Bengal,Durgapur (WB),Dew India Ltd,Industrial Areas,11.5,73.7,351,724
11/12/2009,West Bengal,Durgapur (WB),Dew India Ltd,Industrial Areas,10.5,72.2,320,640
15/11/2009,West Bengal,Durgapur (WB),Dew India Ltd,Industrial Areas,11.4,70.8,351,712
20/11/2009,West Bengal,Durgapur (WB),Dew India Ltd,Industrial Areas,11.4,72.4,361,734
23/11/2009,West Bengal,Durgapur (WB),Dew India Ltd,Industrial Areas,10.3,70.3,328,706
25/11/2009,West Bengal,Durgapur (WB),Dew India Ltd,Industrial Areas,11,73,418,857
29/11/2009,West Bengal,Durgapur (WB),Dew India Ltd,Industrial Areas,10.6,71.7,377,780
12/4/2009,West Bengal,Durgapur (WB),Dew India Ltd,Industrial Areas,11.4,75.6,450,894
12/6/2009,West Bengal,Durgapur (WB),Dew India Ltd,Industrial Areas,11.5,80.7,518,1027
12/9/2009,West Bengal,Durgapur (WB),Dew India Ltd,Industrial Areas,12,84.1,434,864
14/12/2009,West Bengal,Durgapur (WB),Dew India Ltd,Industrial Areas,13.3,92.5,451,925
17/12/2009,West Bengal,Durgapur (WB),Dew India Ltd,Industrial Areas,12.6,93.4,493,981
22/12/2009,West Bengal,Durgapur (WB),Dew India Ltd,Industrial Areas,13.7,100.1,570,1117
26/12/2009,West Bengal,Durgapur (WB),Dew India Ltd,Industrial Areas,14.9,106.7,589,1100
30/12/2009,West Bengal,Durgapur (WB),Dew India Ltd,Industrial Areas,12,95.8,486,985
1/3/2009,West Bengal,Durgapur (WB),Kwality Hotel,Industrial Areas,8,68,255,617
1/5/2009,West Bengal,Durgapur (WB),Kwality Hotel,Industrial Areas,8,86.6,262,622
1/8/2009,West Bengal,Durgapur (WB),Kwality Hotel,Industrial Areas,9.3,87,244,553
1/11/2009,West Bengal,Durgapur (WB),Kwality Hotel,Industrial Areas,11.4,95.4,259,570
15/1/2009,West Bengal,Durgapur (WB),Kwality Hotel,Industrial Areas,13,93.7,266,569
20/1/2009,West Bengal,Durgapur (WB),Kwality Hotel,Industrial Areas,13.2,94.1,243,518
23/1/2009,West Bengal,Durgapur (WB),Kwality Hotel,Industrial Areas,14.2,85.7,319,657
26/1/2009,West Bengal,Durgapur (WB),Kwality Hotel,Industrial Areas,12.9,82,276,589
28/1/2009,West Bengal,Durgapur (WB),Kwality Hotel,Industrial Areas,10.5,99.4,275,576
2/3/2009,West Bengal,Durgapur (WB),Kwality Hotel,Industrial Areas,14.1,83.2,288,616
2/7/2009,West Bengal,Durgapur (WB),Kwality Hotel,Industrial Areas,16.5,91.9,306,642
2/9/2009,West Bengal,Durgapur (WB),Kwality Hotel,Industrial Areas,13.6,80.9,234,493
13/2/2009,West Bengal,Durgapur (WB),Kwality Hotel,Industrial Areas,14.6,82.4,275,577
15/2/2009,West Bengal,Durgapur (WB),Kwality Hotel,Industrial Areas,16.3,84.6,292,600
19/2/2009,West Bengal,Durgapur (WB),Kwality Hotel,Industrial Areas,16.9,86.2,195,408
25/2/2009,West Bengal,Durgapur (WB),Kwality Hotel,Industrial Areas,14.9,84.2,252,532
27/2/2009,West Bengal,Durgapur (WB),Kwality Hotel,Industrial Areas,13.6,84.9,254,530
3/3/2009,West Bengal,Durgapur (WB),Kwality Hotel,Industrial Areas,11.1,87.8,252,525
3/7/2009,West Bengal,Durgapur (WB),Kwality Hotel,Industrial Areas,13,79.9,248,518
3/9/2009,West Bengal,Durgapur (WB),Kwality Hotel,Industrial Areas,14,86.6,251,522
13/3/2009,West Bengal,Durgapur (WB),Kwality Hotel,Industrial Areas,12.3,80.5,222,464
15/3/2009,West Bengal,Durgapur (WB),Kwality Hotel,Industrial Areas,13.5,82.5,243,508
18/3/2009,West Bengal,Durgapur (WB),Kwality Hotel,Industrial Areas,13.3,77,258,529
23/3/2009,West Bengal,Durgapur (WB),Kwality Hotel,Industrial Areas,14.6,80.2,257,538
26/3/2009,West Bengal,Durgapur (WB),Kwality Hotel,Industrial Areas,13.5,80.2,221,454
29/3/2009,West Bengal,Durgapur (WB),Kwality Hotel,Industrial Areas,12.6,77.9,259,530
4/3/2009,West Bengal,Durgapur (WB),Kwality Hotel,Industrial Areas,11.7,77.7,218,447
4/9/2009,West Bengal,Durgapur (WB),Kwality Hotel,Industrial Areas,12.2,74.1,229,470
4/11/2009,West Bengal,Durgapur (WB),Kwality Hotel,Industrial Areas,12.4,73.9,244,501
14/4/2009,West Bengal,Durgapur (WB),Kwality Hotel,Industrial Areas,12.6,74.2,250,515
20/4/2009,West Bengal,Durgapur (WB),Kwality Hotel,Industrial Areas,12.1,76.4,284,583
26/4/2009,West Bengal,Durgapur (WB),Kwality Hotel,Industrial Areas,11.8,78.4,259,535
29/4/2009,West Bengal,Durgapur (WB),Kwality Hotel,Industrial Areas,12.6,79.8,158,327
5/4/2009,West Bengal,Durgapur (WB),Kwality Hotel,Industrial Areas,6.9,59,124,283
5/9/2009,West Bengal,Durgapur (WB),Kwality Hotel,Industrial Areas,7.8,61.2,150,325
5/12/2009,West Bengal,Durgapur (WB),Kwality Hotel,Industrial Areas,6.8,60.3,149,325
15/5/2009,West Bengal,Durgapur (WB),Kwality Hotel,Industrial Areas,7.9,66.4,152,330
20/5/2009,West Bengal,Durgapur (WB),Kwality Hotel,Industrial Areas,6.9,59.4,114,262
22/5/2009,West Bengal,Durgapur (WB),Kwality Hotel,Industrial Areas,7.8,64.7,111,240
24/5/2009,West Bengal,Durgapur (WB),Kwality Hotel,Industrial Areas,7,59.8,70,150
28/5/2009,West Bengal,Durgapur (WB),Kwality Hotel,Industrial Areas,8.9,65.4,115,252
6/1/2009,West Bengal,Durgapur (WB),Kwality Hotel,Industrial Areas,8.3,64.6,100,215
6/5/2009,West Bengal,Durgapur (WB),Kwality Hotel,Industrial Areas,8.7,58,80,203
6/7/2009,West Bengal,Durgapur (WB),Kwality Hotel,Industrial Areas,7.6,51,122,260
6/10/2009,West Bengal,Durgapur (WB),Kwality Hotel,Industrial Areas,10.3,54.2,188,420
16/6/2009,West Bengal,Durgapur (WB),Kwality Hotel,Industrial Areas,10.6,61,140,319
20/6/2009,West Bengal,Durgapur (WB),Kwality Hotel,Industrial Areas,10.5,60.8,123,285
22/6/2009,West Bengal,Durgapur (WB),Kwality Hotel,Industrial Areas,11.4,62.1,127,295
25/6/2009,West Bengal,Durgapur (WB),Kwality Hotel,Industrial Areas,10.5,56.5,90,216
28/6/2009,West Bengal,Durgapur (WB),Kwality Hotel,Industrial Areas,8.3,54.3,126,289
7/3/2009,West Bengal,Durgapur (WB),Kwality Hotel,Industrial Areas,6.5,47.1,79,171
7/5/2009,West Bengal,Durgapur (WB),Kwality Hotel,Industrial Areas,7.5,50.9,72,163
7/8/2009,West Bengal,Durgapur (WB),Kwality Hotel,Industrial Areas,6.3,45.9,68,148
14/7/2009,West Bengal,Durgapur (WB),Kwality Hotel,Industrial Areas,7.4,46.8,67,160
18/7/2009,West Bengal,Durgapur (WB),Kwality Hotel,Industrial Areas,6.5,47.6,47,112
20/7/2009,West Bengal,Durgapur (WB),Kwality Hotel,Industrial Areas,7.3,43.3,48,120
23/7/2009,West Bengal,Durgapur (WB),Kwality Hotel,Industrial Areas,6.8,41.9,66,146
27/7/2009,West Bengal,Durgapur (WB),Kwality Hotel,Industrial Areas,6.9,41.7,80,185
29/7/2009,West Bengal,Durgapur (WB),Kwality Hotel,Industrial Areas,6.5,41.6,71,155
8/2/2009,West Bengal,Durgapur (WB),Kwality Hotel,Industrial Areas,6.1,42.1,57,129
8/8/2009,West Bengal,Durgapur (WB),Kwality Hotel,Industrial Areas,6.1,35.9,60,135
8/10/2009,West Bengal,Durgapur (WB),Kwality Hotel,Industrial Areas,6.9,44.1,71,162
13/8/2009,West Bengal,Durgapur (WB),Kwality Hotel,Industrial Areas,6.4,40,42,96
19/8/2009,West Bengal,Durgapur (WB),Kwality Hotel,Industrial Areas,7.3,42,60,136
21/8/2009,West Bengal,Durgapur (WB),Kwality Hotel,Industrial Areas,6.4,38.6,58,120
25/8/2009,West Bengal,Durgapur (WB),Kwality Hotel,Industrial Areas,5.5,37.7,56,123
28/8/2009,West Bengal,Durgapur (WB),Kwality Hotel,Industrial Areas,5.8,38,76,167
31/8/2009,West Bengal,Durgapur (WB),Kwality Hotel,Industrial Areas,6.1,38.8,77,172
9/4/2009,West Bengal,Durgapur (WB),Kwality Hotel,Industrial Areas,5.4,34.7,33,85
9/6/2009,West Bengal,Durgapur (WB),Kwality Hotel,Industrial Areas,5,32.7,32,69
9/12/2009,West Bengal,Durgapur (WB),Kwality Hotel,Industrial Areas,7.2,42,121,264
15/9/2009,West Bengal,Durgapur (WB),Kwality Hotel,Industrial Areas,6.5,40.6,111,234
17/9/2009,West Bengal,Durgapur (WB),Kwality Hotel,Industrial Areas,7,42.3,75,179
21/9/2009,West Bengal,Durgapur (WB),Kwality Hotel,Industrial Areas,7.4,44.7,88,213
23/9/2009,West Bengal,Durgapur (WB),Kwality Hotel,Industrial Areas,8.3,55.2,114,254
29/9/2009,West Bengal,Durgapur (WB),Kwality Hotel,Industrial Areas,8.7,63.6,64,154
10/2/2009,West Bengal,Durgapur (WB),Kwality Hotel,Industrial Areas,8.3,49.4,75,169
10/5/2009,West Bengal,Durgapur (WB),Kwality Hotel,Industrial Areas,6.8,41.8,54,114
10/8/2009,West Bengal,Durgapur (WB),Kwality Hotel,Industrial Areas,6.1,45.3,78,171
10/11/2009,West Bengal,Durgapur (WB),Kwality Hotel,Industrial Areas,6.6,53.3,122,252
14/10/2009,West Bengal,Durgapur (WB),Kwality Hotel,Industrial Areas,7.2,47.5,72,157
20/10/2009,West Bengal,Durgapur (WB),Kwality Hotel,Industrial Areas,7.9,48.5,106,232
24/10/2009,West Bengal,Durgapur (WB),Kwality Hotel,Industrial Areas,8.1,52.8,143,308
26/10/2009,West Bengal,Durgapur (WB),Kwality Hotel,Industrial Areas,7.9,53.9,160,344
30/10/2009,West Bengal,Durgapur (WB),Kwality Hotel,Industrial Areas,8.3,57.4,163,338
11/2/2009,West Bengal,Durgapur (WB),Kwality Hotel,Industrial Areas,8.6,57.3,129,276
11/7/2009,West Bengal,Durgapur (WB),Kwality Hotel,Industrial Areas,8.2,63.5,153,318
11/10/2009,West Bengal,Durgapur (WB),Kwality Hotel,Industrial Areas,9.5,69.8,230,472
11/12/2009,West Bengal,Durgapur (WB),Kwality Hotel,Industrial Areas,9.2,62.6,261,541
15/11/2009,West Bengal,Durgapur (WB),Kwality Hotel,Industrial Areas,10,61.1,188,402
20/11/2009,West Bengal,Durgapur (WB),Kwality Hotel,Industrial Areas,9.7,61.9,188,398
23/11/2009,West Bengal,Durgapur (WB),Kwality Hotel,Industrial Areas,9.5,63.3,207,450
25/11/2009,West Bengal,Durgapur (WB),Kwality Hotel,Industrial Areas,10.1,67.1,293,597
29/11/2009,West Bengal,Durgapur (WB),Kwality Hotel,Industrial Areas,10.1,67.8,212,448
12/4/2009,West Bengal,Durgapur (WB),Kwality Hotel,Industrial Areas,10,71.2,285,597
12/6/2009,West Bengal,Durgapur (WB),Kwality Hotel,Industrial Areas,10.3,73.8,357,724
12/9/2009,West Bengal,Durgapur (WB),Kwality Hotel,Industrial Areas,10.6,77.6,320,646
14/12/2009,West Bengal,Durgapur (WB),Kwality Hotel,Industrial Areas,11.8,82.3,293,599
17/12/2009,West Bengal,Durgapur (WB),Kwality Hotel,Industrial Areas,11.1,81.2,275,570
22/12/2009,West Bengal,Durgapur (WB),Kwality Hotel,Industrial Areas,12,87.3,292,601
26/12/2009,West Bengal,Durgapur (WB),Kwality Hotel,Industrial Areas,11.7,86.8,268,566
30/12/2009,West Bengal,Durgapur (WB),Kwality Hotel,Industrial Areas,11.8,87.5,311,647
1/3/2009,West Bengal,Durgapur (WB),PCBL Club,Residential and others,5.3,50.6,132,405
1/5/2009,West Bengal,Durgapur (WB),PCBL Club,Residential and others,6.6,79.1,120,319
1/8/2009,West Bengal,Durgapur (WB),PCBL Club,Residential and others,6.2,78.7,104,251
1/11/2009,West Bengal,Durgapur (WB),PCBL Club,Residential and others,9.1,77.5,108,256
15/1/2009,West Bengal,Durgapur (WB),PCBL Club,Residential and others,9.3,82.5,140,307
20/1/2009,West Bengal,Durgapur (WB),PCBL Club,Residential and others,11.6,84.3,194,416
23/1/2009,West Bengal,Durgapur (WB),PCBL Club,Residential and others,11.9,75.2,195,412
26/1/2009,West Bengal,Durgapur (WB),PCBL Club,Residential and others,10.9,74.5,191,411
28/1/2009,West Bengal,Durgapur (WB),PCBL Club,Residential and others,8.9,90.1,169,363
2/3/2009,West Bengal,Durgapur (WB),PCBL Club,Residential and others,11.1,79.6,194,410
2/7/2009,West Bengal,Durgapur (WB),PCBL Club,Residential and others,13.1,84,179,392
2/9/2009,West Bengal,Durgapur (WB),PCBL Club,Residential and others,10.6,68.7,112,251
13/2/2009,West Bengal,Durgapur (WB),PCBL Club,Residential and others,12.6,75.1,170,361
15/2/2009,West Bengal,Durgapur (WB),PCBL Club,Residential and others,13.8,76.4,189,396
19/2/2009,West Bengal,Durgapur (WB),PCBL Club,Residential and others,12.1,73.5,104,227
25/2/2009,West Bengal,Durgapur (WB),PCBL Club,Residential and others,13.4,74.7,136,298
27/2/2009,West Bengal,Durgapur (WB),PCBL Club,Residential and others,11.7,78.4,152,322
3/3/2009,West Bengal,Durgapur (WB),PCBL Club,Residential and others,9.1,63.8,170,359
3/7/2009,West Bengal,Durgapur (WB),PCBL Club,Residential and others,11.2,64.8,187,391
3/9/2009,West Bengal,Durgapur (WB),PCBL Club,Residential and others,12.3,68.5,184,387
13/3/2009,West Bengal,Durgapur (WB),PCBL Club,Residential and others,9.7,65.4,117,256
15/3/2009,West Bengal,Durgapur (WB),PCBL Club,Residential and others,11,67.4,159,335
18/3/2009,West Bengal,Durgapur (WB),PCBL Club,Residential and others,9.9,65.8,184,383
23/3/2009,West Bengal,Durgapur (WB),PCBL Club,Residential and others,11.5,66.1,202,418
26/3/2009,West Bengal,Durgapur (WB),PCBL Club,Residential and others,11,67.7,134,280
29/3/2009,West Bengal,Durgapur (WB),PCBL Club,Residential and others,10.3,65,169,348
4/3/2009,West Bengal,Durgapur (WB),PCBL Club,Residential and others,9.6,64,141,293
4/9/2009,West Bengal,Durgapur (WB),PCBL Club,Residential and others,10,63.2,130,267
4/11/2009,West Bengal,Durgapur (WB),PCBL Club,Residential and others,9.6,59.2,149,303
14/4/2009,West Bengal,Durgapur (WB),PCBL Club,Residential and others,9.2,61,161,335
20/4/2009,West Bengal,Durgapur (WB),PCBL Club,Residential and others,10.3,63.2,185,380
26/4/2009,West Bengal,Durgapur (WB),PCBL Club,Residential and others,10.4,64.1,159,329
29/4/2009,West Bengal,Durgapur (WB),PCBL Club,Residential and others,10.7,66.5,93,196
5/4/2009,West Bengal,Durgapur (WB),PCBL Club,Residential and others,6.2,38.6,63,157
5/9/2009,West Bengal,Durgapur (WB),PCBL Club,Residential and others,6.3,40,99,219
5/12/2009,West Bengal,Durgapur (WB),PCBL Club,Residential and others,6.1,52.4,118,260
15/5/2009,West Bengal,Durgapur (WB),PCBL Club,Residential and others,6.9,57.8,92,207
20/5/2009,West Bengal,Durgapur (WB),PCBL Club,Residential and others,6.3,50,70,154
22/5/2009,West Bengal,Durgapur (WB),PCBL Club,Residential and others,5.6,54.5,56,126
24/5/2009,West Bengal,Durgapur (WB),PCBL Club,Residential and others,6.3,50,49,106
28/5/2009,West Bengal,Durgapur (WB),PCBL Club,Residential and others,7.1,58.2,86,177
6/1/2009,West Bengal,Durgapur (WB),PCBL Club,Residential and others,6.6,51,66,143
6/5/2009,West Bengal,Durgapur (WB),PCBL Club,Residential and others,6.9,53.2,45,111
6/7/2009,West Bengal,Durgapur (WB),PCBL Club,Residential and others,7.4,43.3,64,148
6/10/2009,West Bengal,Durgapur (WB),PCBL Club,Residential and others,8.3,49.2,110,241
16/6/2009,West Bengal,Durgapur (WB),PCBL Club,Residential and others,8.3,55.9,80,189
20/6/2009,West Bengal,Durgapur (WB),PCBL Club,Residential and others,9.6,56.6,118,257
22/6/2009,West Bengal,Durgapur (WB),PCBL Club,Residential and others,8.7,53.2,93,216
25/6/2009,West Bengal,Durgapur (WB),PCBL Club,Residential and others,7.4,49.6,63,158
28/6/2009,West Bengal,Durgapur (WB),PCBL Club,Residential and others,6.6,46.9,66,155
7/3/2009,West Bengal,Durgapur (WB),PCBL Club,Residential and others,5.1,42.6,40,92
7/5/2009,West Bengal,Durgapur (WB),PCBL Club,Residential and others,6.6,42.1,50,109
7/8/2009,West Bengal,Durgapur (WB),PCBL Club,Residential and others,5.6,40.9,39,88
14/7/2009,West Bengal,Durgapur (WB),PCBL Club,Residential and others,5.8,40.2,31,82
18/7/2009,West Bengal,Durgapur (WB),PCBL Club,Residential and others,5.7,37.5,40,96
20/7/2009,West Bengal,Durgapur (WB),PCBL Club,Residential and others,6.2,39.7,37,85
23/7/2009,West Bengal,Durgapur (WB),PCBL Club,Residential and others,6,37.7,27,76
27/7/2009,West Bengal,Durgapur (WB),PCBL Club,Residential and others,5.4,36.2,49,131
29/7/2009,West Bengal,Durgapur (WB),PCBL Club,Residential and others,5,36.8,47,107
8/2/2009,West Bengal,Durgapur (WB),PCBL Club,Residential and others,5.5,37,32,78
8/8/2009,West Bengal,Durgapur (WB),PCBL Club,Residential and others,5.5,32.8,42,89
8/10/2009,West Bengal,Durgapur (WB),PCBL Club,Residential and others,6.1,38.6,39,88
13/8/2009,West Bengal,Durgapur (WB),PCBL Club,Residential and others,5.3,36.7,23,53
19/8/2009,West Bengal,Durgapur (WB),PCBL Club,Residential and others,5.9,38.8,37,86
21/8/2009,West Bengal,Durgapur (WB),PCBL Club,Residential and others,5.2,33.8,35,77
25/8/2009,West Bengal,Durgapur (WB),PCBL Club,Residential and others,5.2,36.8,42,98
28/8/2009,West Bengal,Durgapur (WB),PCBL Club,Residential and others,5.5,36.2,68,149
31/8/2009,West Bengal,Durgapur (WB),PCBL Club,Residential and others,5.3,35.6,37,87
9/4/2009,West Bengal,Durgapur (WB),PCBL Club,Residential and others,4.8,30.5,16,42
9/6/2009,West Bengal,Durgapur (WB),PCBL Club,Residential and others,4.4,27.7,38,80
9/12/2009,West Bengal,Durgapur (WB),PCBL Club,Residential and others,5.8,36.5,48,112
15/9/2009,West Bengal,Durgapur (WB),PCBL Club,Residential and others,5.8,36.7,70,153
17/9/2009,West Bengal,Durgapur (WB),PCBL Club,Residential and others,6.5,40.4,46,115
21/9/2009,West Bengal,Durgapur (WB),PCBL Club,Residential and others,6.9,39,33,89
23/9/2009,West Bengal,Durgapur (WB),PCBL Club,Residential and others,7.6,43.4,68,151
29/9/2009,West Bengal,Durgapur (WB),PCBL Club,Residential and others,7.8,53.2,45,104
10/2/2009,West Bengal,Durgapur (WB),PCBL Club,Residential and others,8.4,46,35,85
10/5/2009,West Bengal,Durgapur (WB),PCBL Club,Residential and others,5.4,38.8,34,79
10/8/2009,West Bengal,Durgapur (WB),PCBL Club,Residential and others,5.7,39.6,54,118
10/11/2009,West Bengal,Durgapur (WB),PCBL Club,Residential and others,5.8,43.8,101,211
14/10/2009,West Bengal,Durgapur (WB),PCBL Club,Residential and others,6.1,39.6,52,115
20/10/2009,West Bengal,Durgapur (WB),PCBL Club,Residential and others,7.9,43.8,177,357
24/10/2009,West Bengal,Durgapur (WB),PCBL Club,Residential and others,7.4,46.1,154,315
26/10/2009,West Bengal,Durgapur (WB),PCBL Club,Residential and others,6.8,46.4,107,230
30/10/2009,West Bengal,Durgapur (WB),PCBL Club,Residential and others,7.5,47.6,154,299
11/2/2009,West Bengal,Durgapur (WB),PCBL Club,Residential and others,7.6,48.4,87,190
11/7/2009,West Bengal,Durgapur (WB),PCBL Club,Residential and others,7.4,50.5,101,210
11/10/2009,West Bengal,Durgapur (WB),PCBL Club,Residential and others,7.5,55,99,222
11/12/2009,West Bengal,Durgapur (WB),PCBL Club,Residential and others,8.4,54.2,137,292
15/11/2009,West Bengal,Durgapur (WB),PCBL Club,Residential and others,7.5,53.3,160,346
20/11/2009,West Bengal,Durgapur (WB),PCBL Club,Residential and others,8,52.9,144,334
23/11/2009,West Bengal,Durgapur (WB),PCBL Club,Residential and others,8,53.4,152,329
25/11/2009,West Bengal,Durgapur (WB),PCBL Club,Residential and others,8.3,55.4,188,384
29/11/2009,West Bengal,Durgapur (WB),PCBL Club,Residential and others,8,54.5,159,337
12/4/2009,West Bengal,Durgapur (WB),PCBL Club,Residential and others,8.7,59.7,231,483
12/6/2009,West Bengal,Durgapur (WB),PCBL Club,Residential and others,9.3,62.7,259,553
12/9/2009,West Bengal,Durgapur (WB),PCBL Club,Residential and others,9.7,66.3,169,356
14/12/2009,West Bengal,Durgapur (WB),PCBL Club,Residential and others,10,70.4,185,404
17/12/2009,West Bengal,Durgapur (WB),PCBL Club,Residential and others,9.9,72.4,200,418
22/12/2009,West Bengal,Durgapur (WB),PCBL Club,Residential and others,9.7,74.9,183,392
26/12/2009,West Bengal,Durgapur (WB),PCBL Club,Residential and others,10,75.6,154,335
30/12/2009,West Bengal,Durgapur (WB),PCBL Club,Residential and others,10.2,76.3,199,418
1/3/2009,West Bengal,Haldia,Super Market,Industrial Areas,9.9,68.6,164,289
1/6/2009,West Bengal,Haldia,Super Market,Industrial Areas,9.5,71,135,227
1/9/2009,West Bengal,Haldia,Super Market,Industrial Areas,9.1,67.1,128,221
1/12/2009,West Bengal,Haldia,Super Market,Industrial Areas,9.9,66.8,131,229
15/1/2009,West Bengal,Haldia,Super Market,Industrial Areas,9.8,65.8,163,288
18/1/2009,West Bengal,Haldia,Super Market,Industrial Areas,9.1,65.3,124,243
21/1/2009,West Bengal,Haldia,Super Market,Industrial Areas,10.7,66.5,162,282
27/1/2009,West Bengal,Haldia,Super Market,Industrial Areas,7.8,64.8,100,208
30/1/2009,West Bengal,Haldia,Super Market,Industrial Areas,8.8,66.2,134,241
1/3/2009,West Bengal,Haldia,WBIIDC,Industrial Areas,10.2,70.8,169,297
1/6/2009,West Bengal,Haldia,WBIIDC,Industrial Areas,10.7,69.8,143,245
1/9/2009,West Bengal,Haldia,WBIIDC,Industrial Areas,10.3,69.5,133,240
1/12/2009,West Bengal,Haldia,WBIIDC,Industrial Areas,8.8,68,137,249
15/1/2009,West Bengal,Haldia,WBIIDC,Industrial Areas,9.5,68.2,174,293
18/1/2009,West Bengal,Haldia,WBIIDC,Industrial Areas,10.2,66.2,114,255
21/1/2009,West Bengal,Haldia,WBIIDC,Industrial Areas,9.9,64.9,154,262
27/1/2009,West Bengal,Haldia,WBIIDC,Industrial Areas,8.6,63.9,93,181
30/1/2009,West Bengal,Haldia,WBIIDC,Industrial Areas,9.5,65.7,109,236
1/1/2009,West Bengal,Howrah,Bandhaghat,Industrial Areas,49.1,157.8,323,593
1/7/2009,West Bengal,Howrah,Bandhaghat,Industrial Areas,31.9,135.7,185,387
1/10/2009,West Bengal,Howrah,Bandhaghat,Industrial Areas,42.4,132.5,188,371
1/12/2009,West Bengal,Howrah,Bandhaghat,Industrial Areas,37.6,138.6,174,418
16/1/2009,West Bengal,Howrah,Bandhaghat,Industrial Areas,48.1,165.2,271,460
18/1/2009,West Bengal,Howrah,Bandhaghat,Industrial Areas,35.2,136.8,261,502
20/1/2009,West Bengal,Howrah,Bandhaghat,Industrial Areas,36.2,132.6,221,480
27/1/2009,West Bengal,Howrah,Bandhaghat,Industrial Areas,37.4,133.5,230,435
29/1/2009,West Bengal,Howrah,Bandhaghat,Industrial Areas,38.6,134.6,251,516
2/2/2009,West Bengal,Howrah,Bandhaghat,Industrial Areas,28.3,127.1,198,397
2/5/2009,West Bengal,Howrah,Bandhaghat,Industrial Areas,35,131.3,292,548
2/11/2009,West Bengal,Howrah,Bandhaghat,Industrial Areas,39.4,133.3,151,356
14/2/2009,West Bengal,Howrah,Bandhaghat,Industrial Areas,24.6,116.5,146,318
17/2/2009,West Bengal,Howrah,Bandhaghat,Industrial Areas,34.1,108.7,186,408
19/2/2009,West Bengal,Howrah,Bandhaghat,Industrial Areas,35.6,121.6,204,416
22/2/2009,West Bengal,Howrah,Bandhaghat,Industrial Areas,32.2,117.2,152,316
27/2/2009,West Bengal,Howrah,Bandhaghat,Industrial Areas,29.9,118.4,144,275
3/3/2009,West Bengal,Howrah,Bandhaghat,Industrial Areas,29,120.6,190,379
3/7/2009,West Bengal,Howrah,Bandhaghat,Industrial Areas,26.2,124.9,112,233
3/9/2009,West Bengal,Howrah,Bandhaghat,Industrial Areas,20.8,103,117,244
3/12/2009,West Bengal,Howrah,Bandhaghat,Industrial Areas,24.1,128.4,119,247
15/3/2009,West Bengal,Howrah,Bandhaghat,Industrial Areas,23.2,123.9,132,274
18/3/2009,West Bengal,Howrah,Bandhaghat,Industrial Areas,33.9,115.4,108,227
23/3/2009,West Bengal,Howrah,Bandhaghat,Industrial Areas,30.2,112.1,151,325
27/3/2009,West Bengal,Howrah,Bandhaghat,Industrial Areas,28.5,116.4,122,261
29/3/2009,West Bengal,Howrah,Bandhaghat,Industrial Areas,14,89.6,71,161
4/3/2009,West Bengal,Howrah,Bandhaghat,Industrial Areas,19.8,95.1,58,133
4/5/2009,West Bengal,Howrah,Bandhaghat,Industrial Areas,11.5,73.8,59,140
4/9/2009,West Bengal,Howrah,Bandhaghat,Industrial Areas,7.8,79.4,105,214
13/4/2009,West Bengal,Howrah,Bandhaghat,Industrial Areas,6.8,65.4,101,208
18/4/2009,West Bengal,Howrah,Bandhaghat,Industrial Areas,10.2,73,58,129
20/4/2009,West Bengal,Howrah,Bandhaghat,Industrial Areas,9.2,65.9,94,208
22/4/2009,West Bengal,Howrah,Bandhaghat,Industrial Areas,8.4,76.1,61,148
28/4/2009,West Bengal,Howrah,Bandhaghat,Industrial Areas,8.8,56,69,165
30/4/2009,West Bengal,Howrah,Bandhaghat,Industrial Areas,10.4,72.5,36,89
5/6/2009,West Bengal,Howrah,Bandhaghat,Industrial Areas,8.1,63.7,59,131
5/9/2009,West Bengal,Howrah,Bandhaghat,Industrial Areas,8.2,66,59,147
5/11/2009,West Bengal,Howrah,Bandhaghat,Industrial Areas,8.5,59.6,46,109
14/5/2009,West Bengal,Howrah,Bandhaghat,Industrial Areas,9.9,71.5,48,114
17/5/2009,West Bengal,Howrah,Bandhaghat,Industrial Areas,6.8,51.7,49,133
19/5/2009,West Bengal,Howrah,Bandhaghat,Industrial Areas,8.7,64.3,52,138
26/5/2009,West Bengal,Howrah,Bandhaghat,Industrial Areas,7.2,55.2,33,85
29/5/2009,West Bengal,Howrah,Bandhaghat,Industrial Areas,7.6,59.7,41,108
6/2/2009,West Bengal,Howrah,Bandhaghat,Industrial Areas,6.7,61.3,45,105
6/4/2009,West Bengal,Howrah,Bandhaghat,Industrial Areas,6.8,61.6,31,87
6/10/2009,West Bengal,Howrah,Bandhaghat,Industrial Areas,6.9,63.3,51,144
6/12/2009,West Bengal,Howrah,Bandhaghat,Industrial Areas,7.9,57.3,43,120
14/6/2009,West Bengal,Howrah,Bandhaghat,Industrial Areas,6.9,52.9,36,103
19/6/2009,West Bengal,Howrah,Bandhaghat,Industrial Areas,6.5,49.5,35,96
22/6/2009,West Bengal,Howrah,Bandhaghat,Industrial Areas,6,49,37,108
27/6/2009,West Bengal,Howrah,Bandhaghat,Industrial Areas,6.6,55.8,46,122
30/6/2009,West Bengal,Howrah,Bandhaghat,Industrial Areas,6.6,52.5,35,98
1/1/2009,West Bengal,Howrah,Howrah MC,Industrial Areas,20.4,156.5,298,523
1/7/2009,West Bengal,Howrah,Howrah MC,Industrial Areas,11.5,127.9,197,402
1/10/2009,West Bengal,Howrah,Howrah MC,Industrial Areas,16.8,123.8,310,535
1/12/2009,West Bengal,Howrah,Howrah MC,Industrial Areas,13.9,144.9,228,455
16/1/2009,West Bengal,Howrah,Howrah MC,Industrial Areas,22.6,157.7,282,501
18/1/2009,West Bengal,Howrah,Howrah MC,Industrial Areas,16.2,133.3,235,433
20/1/2009,West Bengal,Howrah,Howrah MC,Industrial Areas,16.3,143,273,534
27/1/2009,West Bengal,Howrah,Howrah MC,Industrial Areas,15.6,135.9,223,431
29/1/2009,West Bengal,Howrah,Howrah MC,Industrial Areas,11.4,116.6,311,571
2/2/2009,West Bengal,Howrah,Howrah MC,Industrial Areas,9.8,116.2,207,411
2/5/2009,West Bengal,Howrah,Howrah MC,Industrial Areas,13,120.1,369,618
2/11/2009,West Bengal,Howrah,Howrah MC,Industrial Areas,23.2,137,161,372
14/2/2009,West Bengal,Howrah,Howrah MC,Industrial Areas,14.3,108.9,219,426
17/2/2009,West Bengal,Howrah,Howrah MC,Industrial Areas,14.3,120.8,236,486
19/2/2009,West Bengal,Howrah,Howrah MC,Industrial Areas,13.7,121.8,223,460
22/2/2009,West Bengal,Howrah,Howrah MC,Industrial Areas,15.7,129.9,154,320
27/2/2009,West Bengal,Howrah,Howrah MC,Industrial Areas,14.3,111.5,205,359
3/3/2009,West Bengal,Howrah,Howrah MC,Industrial Areas,16.1,105.8,169,349
3/7/2009,West Bengal,Howrah,Howrah MC,Industrial Areas,11.8,119.5,139,301
3/9/2009,West Bengal,Howrah,Howrah MC,Industrial Areas,10.1,91.2,119,291
3/12/2009,West Bengal,Howrah,Howrah MC,Industrial Areas,14.7,113.6,146,286
15/3/2009,West Bengal,Howrah,Howrah MC,Industrial Areas,14.7,116.1,156,313
18/3/2009,West Bengal,Howrah,Howrah MC,Industrial Areas,11.7,102.4,93,207
23/3/2009,West Bengal,Howrah,Howrah MC,Industrial Areas,10.9,117,144,322
27/3/2009,West Bengal,Howrah,Howrah MC,Industrial Areas,10.3,96.8,121,252
29/3/2009,West Bengal,Howrah,Howrah MC,Industrial Areas,6.8,70.8,70,152
4/3/2009,West Bengal,Howrah,Howrah MC,Industrial Areas,8.2,70.6,49,157
4/5/2009,West Bengal,Howrah,Howrah MC,Industrial Areas,5.5,60.2,50,133
4/9/2009,West Bengal,Howrah,Howrah MC,Industrial Areas,5.8,70,100,225
13/4/2009,West Bengal,Howrah,Howrah MC,Industrial Areas,6,63.8,72,174
18/4/2009,West Bengal,Howrah,Howrah MC,Industrial Areas,5.7,61.1,69,159
20/4/2009,West Bengal,Howrah,Howrah MC,Industrial Areas,7.9,64.3,81,199
22/4/2009,West Bengal,Howrah,Howrah MC,Industrial Areas,7.5,61,66,173
28/4/2009,West Bengal,Howrah,Howrah MC,Industrial Areas,8.8,58.4,57,154
30/4/2009,West Bengal,Howrah,Howrah MC,Industrial Areas,7.6,66,49,124
5/6/2009,West Bengal,Howrah,Howrah MC,Industrial Areas,6.5,59.1,63,138
5/9/2009,West Bengal,Howrah,Howrah MC,Industrial Areas,5.8,55.8,57,149
5/11/2009,West Bengal,Howrah,Howrah MC,Industrial Areas,5.3,51.6,51,134
14/5/2009,West Bengal,Howrah,Howrah MC,Industrial Areas,7.3,55.9,48,133
17/5/2009,West Bengal,Howrah,Howrah MC,Industrial Areas,6.6,42.4,34,110
19/5/2009,West Bengal,Howrah,Howrah MC,Industrial Areas,5.6,45.4,57,159
26/5/2009,West Bengal,Howrah,Howrah MC,Industrial Areas,6.7,53.6,47,130
29/5/2009,West Bengal,Howrah,Howrah MC,Industrial Areas,6.3,52.7,62,142
6/2/2009,West Bengal,Howrah,Howrah MC,Industrial Areas,5.9,54,66,144
6/4/2009,West Bengal,Howrah,Howrah MC,Industrial Areas,6,55.3,42,122
6/10/2009,West Bengal,Howrah,Howrah MC,Industrial Areas,5.7,56.5,38,107
6/12/2009,West Bengal,Howrah,Howrah MC,Industrial Areas,6,51.8,45,123
14/6/2009,West Bengal,Howrah,Howrah MC,Industrial Areas,5.1,45,37,106
19/6/2009,West Bengal,Howrah,Howrah MC,Industrial Areas,5.2,43.8,48,135
22/6/2009,West Bengal,Howrah,Howrah MC,Industrial Areas,5.5,43.1,44,126
27/6/2009,West Bengal,Howrah,Howrah MC,Industrial Areas,5.8,49,39,110
30/6/2009,West Bengal,Howrah,Howrah MC,Industrial Areas,5.9,46,38,100
1/1/2009,West Bengal,Howrah,Bator,Residential and others,12.7,100.5,304,479
1/7/2009,West Bengal,Howrah,Bator,Residential and others,9.5,89.7,209,372
1/10/2009,West Bengal,Howrah,Bator,Residential and others,11.8,95.4,232,387
1/12/2009,West Bengal,Howrah,Bator,Residential and others,10.6,101.6,212,423
16/1/2009,West Bengal,Howrah,Bator,Residential and others,14.6,115.9,259,485
18/1/2009,West Bengal,Howrah,Bator,Residential and others,12.1,91.9,248,499
20/1/2009,West Bengal,Howrah,Bator,Residential and others,11.3,92.6,189,417
27/1/2009,West Bengal,Howrah,Bator,Residential and others,14.1,90.5,199,421
29/1/2009,West Bengal,Howrah,Bator,Residential and others,10.1,84.5,182,354
2/2/2009,West Bengal,Howrah,Bator,Residential and others,7.3,80.1,202,425
2/5/2009,West Bengal,Howrah,Bator,Residential and others,11.6,88,269,471
2/11/2009,West Bengal,Howrah,Bator,Residential and others,16.4,109.6,131,261
14/2/2009,West Bengal,Howrah,Bator,Residential and others,8.8,79.7,181,364
17/2/2009,West Bengal,Howrah,Bator,Residential and others,10.1,83.5,141,279
19/2/2009,West Bengal,Howrah,Bator,Residential and others,10.7,82.8,163,341
22/2/2009,West Bengal,Howrah,Bator,Residential and others,9.1,85.2,105,242
27/2/2009,West Bengal,Howrah,Bator,Residential and others,9.7,75.4,105,226
3/3/2009,West Bengal,Howrah,Bator,Residential and others,11.1,76,136,276
3/7/2009,West Bengal,Howrah,Bator,Residential and others,10.9,69.9,99,211
3/9/2009,West Bengal,Howrah,Bator,Residential and others,8.3,67.9,92,213
3/12/2009,West Bengal,Howrah,Bator,Residential and others,12.5,74.2,138,286
15/3/2009,West Bengal,Howrah,Bator,Residential and others,10.3,73.3,132,271
18/3/2009,West Bengal,Howrah,Bator,Residential and others,8.5,68.3,72,179
23/3/2009,West Bengal,Howrah,Bator,Residential and others,8,75.3,95,222
27/3/2009,West Bengal,Howrah,Bator,Residential and others,7.9,71.8,93,213
29/3/2009,West Bengal,Howrah,Bator,Residential and others,5.1,50.7,61,152
4/3/2009,West Bengal,Howrah,Bator,Residential and others,7,57.8,43,108
4/5/2009,West Bengal,Howrah,Bator,Residential and others,4.9,46.7,46,108
4/9/2009,West Bengal,Howrah,Bator,Residential and others,4.6,53.8,85,184
13/4/2009,West Bengal,Howrah,Bator,Residential and others,5.2,52.4,70,158
18/4/2009,West Bengal,Howrah,Bator,Residential and others,5.1,45.8,59,151
20/4/2009,West Bengal,Howrah,Bator,Residential and others,5.4,59,64,156
22/4/2009,West Bengal,Howrah,Bator,Residential and others,4.8,60.4,40,104
28/4/2009,West Bengal,Howrah,Bator,Residential and others,4.9,49.2,38,108
30/4/2009,West Bengal,Howrah,Bator,Residential and others,4.6,38.8,31,89
5/6/2009,West Bengal,Howrah,Bator,Residential and others,5,46.7,53,130
5/9/2009,West Bengal,Howrah,Bator,Residential and others,4.6,37.4,52,143
5/11/2009,West Bengal,Howrah,Bator,Residential and others,4.6,34.5,39,90
14/5/2009,West Bengal,Howrah,Bator,Residential and others,5,44.9,38,97
17/5/2009,West Bengal,Howrah,Bator,Residential and others,5.1,46.4,27,96
19/5/2009,West Bengal,Howrah,Bator,Residential and others,4.6,34.6,37,96
26/5/2009,West Bengal,Howrah,Bator,Residential and others,4.6,36.1,33,83
29/5/2009,West Bengal,Howrah,Bator,Residential and others,4.6,43.1,39,104
6/2/2009,West Bengal,Howrah,Bator,Residential and others,5.3,39.8,43,104
6/4/2009,West Bengal,Howrah,Bator,Residential and others,5.4,43.5,35,100
6/10/2009,West Bengal,Howrah,Bator,Residential and others,5.8,46.4,34,100
6/12/2009,West Bengal,Howrah,Bator,Residential and others,4.8,43.8,34,101
14/6/2009,West Bengal,Howrah,Bator,Residential and others,5.3,42.4,34,99
19/6/2009,West Bengal,Howrah,Bator,Residential and others,4.4,34.3,42,122
22/6/2009,West Bengal,Howrah,Bator,Residential and others,4.9,34.2,34,97
27/6/2009,West Bengal,Howrah,Bator,Residential and others,5.2,42.7,30,88
30/6/2009,West Bengal,Howrah,Bator,Residential and others,4.9,39.7,30,78
1/1/2009,West Bengal,Howrah,Naskarpara,Residential and others,36.7,121.7,254,425
1/7/2009,West Bengal,Howrah,Naskarpara,Residential and others,23.3,105.6,177,341
1/10/2009,West Bengal,Howrah,Naskarpara,Residential and others,32.2,107.3,197,342
1/12/2009,West Bengal,Howrah,Naskarpara,Residential and others,23.7,130.5,157,299
16/1/2009,West Bengal,Howrah,Naskarpara,Residential and others,32.3,133.3,295,447
18/1/2009,West Bengal,Howrah,Naskarpara,Residential and others,30.8,109.3,244,462
20/1/2009,West Bengal,Howrah,Naskarpara,Residential and others,28.9,126.2,202,390
27/1/2009,West Bengal,Howrah,Naskarpara,Residential and others,27.8,109.2,182,343
29/1/2009,West Bengal,Howrah,Naskarpara,Residential and others,34.2,131.3,192,430
2/2/2009,West Bengal,Howrah,Naskarpara,Residential and others,29.2,89,156,346
2/5/2009,West Bengal,Howrah,Naskarpara,Residential and others,23,108.6,291,510
2/11/2009,West Bengal,Howrah,Naskarpara,Residential and others,35.4,112,142,301
14/2/2009,West Bengal,Howrah,Naskarpara,Residential and others,28.4,99.2,198,411
17/2/2009,West Bengal,Howrah,Naskarpara,Residential and others,32,86.5,180,345
19/2/2009,West Bengal,Howrah,Naskarpara,Residential and others,33.1,100.3,203,370
22/2/2009,West Bengal,Howrah,Naskarpara,Residential and others,22.7,98.6,119,262
27/2/2009,West Bengal,Howrah,Naskarpara,Residential and others,20.1,87.1,109,263
3/3/2009,West Bengal,Howrah,Naskarpara,Residential and others,19.4,89.5,208,391
3/7/2009,West Bengal,Howrah,Naskarpara,Residential and others,15.3,108,148,300
3/9/2009,West Bengal,Howrah,Naskarpara,Residential and others,23.3,78.3,128,274
3/12/2009,West Bengal,Howrah,Naskarpara,Residential and others,26.4,92.8,155,290
13/3/2009,West Bengal,Howrah,Naskarpara,Residential and others,4.8,NA,93,179
15/3/2009,West Bengal,Howrah,Naskarpara,Residential and others,22.7,91.2,150,283
18/3/2009,West Bengal,Howrah,Naskarpara,Residential and others,27.2,97.5,90,198
23/3/2009,West Bengal,Howrah,Naskarpara,Residential and others,22.7,92.2,130,287
27/3/2009,West Bengal,Howrah,Naskarpara,Residential and others,25.2,101.8,115,240
29/3/2009,West Bengal,Howrah,Naskarpara,Residential and others,12,70.1,77,192
4/3/2009,West Bengal,Howrah,Naskarpara,Residential and others,12.6,73.8,54,139
4/5/2009,West Bengal,Howrah,Naskarpara,Residential and others,8.9,57.7,64,162
4/9/2009,West Bengal,Howrah,Naskarpara,Residential and others,5.6,50.6,101,222
13/4/2009,West Bengal,Howrah,Naskarpara,Residential and others,6.3,59.4,73,175
18/4/2009,West Bengal,Howrah,Naskarpara,Residential and others,6,63,53,122
20/4/2009,West Bengal,Howrah,Naskarpara,Residential and others,8.5,56.5,74,175
22/4/2009,West Bengal,Howrah,Naskarpara,Residential and others,8.5,65.3,49,124
28/4/2009,West Bengal,Howrah,Naskarpara,Residential and others,7.4,47.6,48,123
30/4/2009,West Bengal,Howrah,Naskarpara,Residential and others,7.2,53.7,42,101
5/6/2009,West Bengal,Howrah,Naskarpara,Residential and others,6.1,50.8,66,162
5/9/2009,West Bengal,Howrah,Naskarpara,Residential and others,5.1,41,48,116
5/11/2009,West Bengal,Howrah,Naskarpara,Residential and others,7.2,50.7,41,104
14/5/2009,West Bengal,Howrah,Naskarpara,Residential and others,7.3,56.7,34,92
17/5/2009,West Bengal,Howrah,Naskarpara,Residential and others,6.9,44.9,35,102
19/5/2009,West Bengal,Howrah,Naskarpara,Residential and others,7.1,42.8,32,89
26/5/2009,West Bengal,Howrah,Naskarpara,Residential and others,5.9,46.3,42,107
29/5/2009,West Bengal,Howrah,Naskarpara,Residential and others,5.7,49.1,43,107
6/2/2009,West Bengal,Howrah,Naskarpara,Residential and others,5.9,49.7,60,140
6/4/2009,West Bengal,Howrah,Naskarpara,Residential and others,6.2,53.1,47,123
6/10/2009,West Bengal,Howrah,Naskarpara,Residential and others,4.7,49.4,35,98
6/12/2009,West Bengal,Howrah,Naskarpara,Residential and others,4.8,46,37,109
14/6/2009,West Bengal,Howrah,Naskarpara,Residential and others,6.3,47.6,41,121
19/6/2009,West Bengal,Howrah,Naskarpara,Residential and others,5.1,44,45,124
22/6/2009,West Bengal,Howrah,Naskarpara,Residential and others,5.1,38.8,31,87
27/6/2009,West Bengal,Howrah,Naskarpara,Residential and others,5.2,44.1,33,101
30/6/2009,West Bengal,Howrah,Naskarpara,Residential and others,5.5,46,27,70
4/2/2009,West Bengal,Kolkata,Behala Chowrasta,Industrial Areas,7,79.6,76,182
4/5/2009,West Bengal,Kolkata,Behala Chowrasta,Industrial Areas,7.2,64,77,183
4/10/2009,West Bengal,Kolkata,Behala Chowrasta,Industrial Areas,6.8,78.2,77,197
14/4/2009,West Bengal,Kolkata,Behala Chowrasta,Industrial Areas,9.7,85.7,91,185
16/4/2009,West Bengal,Kolkata,Behala Chowrasta,Industrial Areas,9.6,74.2,43,117
19/4/2009,West Bengal,Kolkata,Behala Chowrasta,Industrial Areas,8.3,62.6,85,196
22/4/2009,West Bengal,Kolkata,Behala Chowrasta,Industrial Areas,7.1,63.1,95,199
27/4/2009,West Bengal,Kolkata,Behala Chowrasta,Industrial Areas,7,63.5,75,193
29/4/2009,West Bengal,Kolkata,Behala Chowrasta,Industrial Areas,6.5,53.4,59,171
5/5/2009,West Bengal,Kolkata,Behala Chowrasta,Industrial Areas,6.3,50.8,69,184
5/8/2009,West Bengal,Kolkata,Behala Chowrasta,Industrial Areas,6.7,65.1,61,131
13/5/2009,West Bengal,Kolkata,Behala Chowrasta,Industrial Areas,5.6,54.3,61,116
16/5/2009,West Bengal,Kolkata,Behala Chowrasta,Industrial Areas,8.3,63.8,65,148
18/5/2009,West Bengal,Kolkata,Behala Chowrasta,Industrial Areas,7.3,51.6,45,113
21/5/2009,West Bengal,Kolkata,Behala Chowrasta,Industrial Areas,6,53.6,35,98
24/5/2009,West Bengal,Kolkata,Behala Chowrasta,Industrial Areas,6.4,48.9,37,102
28/5/2009,West Bengal,Kolkata,Behala Chowrasta,Industrial Areas,6.1,51.5,43,113
31/5/2009,West Bengal,Kolkata,Behala Chowrasta,Industrial Areas,6.1,50.5,39,103
1/5/2009,West Bengal,Kolkata,Cossipore Police Stn,Industrial Areas,13,88.3,197,360
1/7/2009,West Bengal,Kolkata,Cossipore Police Stn,Industrial Areas,9.3,36.8,184,314
1/12/2009,West Bengal,Kolkata,Cossipore Police Stn,Industrial Areas,13.8,53.5,226,376
14/1/2009,West Bengal,Kolkata,Cossipore Police Stn,Industrial Areas,21.5,60.3,288,492
23/1/2009,West Bengal,Kolkata,Cossipore Police Stn,Industrial Areas,17.7,61.4,339,575
27/1/2009,West Bengal,Kolkata,Cossipore Police Stn,Industrial Areas,31.7,50.3,308,450
29/1/2009,West Bengal,Kolkata,Cossipore Police Stn,Industrial Areas,56.7,79.5,292,499
2/3/2009,West Bengal,Kolkata,Cossipore Police Stn,Industrial Areas,40.8,103.5,427,579
2/5/2009,West Bengal,Kolkata,Cossipore Police Stn,Industrial Areas,61.7,118.5,420,610
2/9/2009,West Bengal,Kolkata,Cossipore Police Stn,Industrial Areas,3,38.2,448,614
2/11/2009,West Bengal,Kolkata,Cossipore Police Stn,Industrial Areas,24.5,48.7,380,532
16/2/2009,West Bengal,Kolkata,Cossipore Police Stn,Industrial Areas,27.2,73.3,393,587
18/2/2009,West Bengal,Kolkata,Cossipore Police Stn,Industrial Areas,5.5,145.3,423,669
23/2/2009,West Bengal,Kolkata,Cossipore Police Stn,Industrial Areas,28.5,75.3,409,587
3/3/2009,West Bengal,Kolkata,Cossipore Police Stn,Industrial Areas,31.2,113.3,413,606
3/5/2009,West Bengal,Kolkata,Cossipore Police Stn,Industrial Areas,9.2,84.2,414,596
3/12/2009,West Bengal,Kolkata,Cossipore Police Stn,Industrial Areas,12,64.3,323,503
16/3/2009,West Bengal,Kolkata,Cossipore Police Stn,Industrial Areas,24.8,83.5,351,537
18/3/2009,West Bengal,Kolkata,Cossipore Police Stn,Industrial Areas,24.5,124.8,313,510
20/3/2009,West Bengal,Kolkata,Cossipore Police Stn,Industrial Areas,14.5,54.2,285,480
23/3/2009,West Bengal,Kolkata,Cossipore Police Stn,Industrial Areas,30.3,101.3,300,512
25/3/2009,West Bengal,Kolkata,Cossipore Police Stn,Industrial Areas,6,48.5,285,528
4/1/2009,West Bengal,Kolkata,Cossipore Police Stn,Industrial Areas,13.2,37.7,236,423
4/8/2009,West Bengal,Kolkata,Cossipore Police Stn,Industrial Areas,34.3,74.8,340,516
13/4/2009,West Bengal,Kolkata,Cossipore Police Stn,Industrial Areas,13.8,37.3,287,371
16/4/2009,West Bengal,Kolkata,Cossipore Police Stn,Industrial Areas,12.7,14.8,208,311
20/4/2009,West Bengal,Kolkata,Cossipore Police Stn,Industrial Areas,12.2,46.8,300,432
23/4/2009,West Bengal,Kolkata,Cossipore Police Stn,Industrial Areas,13.8,101.5,288,474
27/4/2009,West Bengal,Kolkata,Cossipore Police Stn,Industrial Areas,NA,50.5,232,384
29/4/2009,West Bengal,Kolkata,Cossipore Police Stn,Industrial Areas,12.3,48,271,415
5/4/2009,West Bengal,Kolkata,Cossipore Police Stn,Industrial Areas,32.7,41.8,139,266
5/7/2009,West Bengal,Kolkata,Cossipore Police Stn,Industrial Areas,24,52,197,300
5/11/2009,West Bengal,Kolkata,Cossipore Police Stn,Industrial Areas,24.8,14.9,120,208
14/5/2009,West Bengal,Kolkata,Cossipore Police Stn,Industrial Areas,16,50.8,155,260
18/5/2009,West Bengal,Kolkata,Cossipore Police Stn,Industrial Areas,19.8,56.3,164,326
20/5/2009,West Bengal,Kolkata,Cossipore Police Stn,Industrial Areas,20,72.3,160,264
26/5/2009,West Bengal,Kolkata,Cossipore Police Stn,Industrial Areas,NA,50.5,161,275
28/5/2009,West Bengal,Kolkata,Cossipore Police Stn,Industrial Areas,12.3,48,226,288
6/2/2009,West Bengal,Kolkata,Cossipore Police Stn,Industrial Areas,2.5,46.5,68,177
6/4/2009,West Bengal,Kolkata,Cossipore Police Stn,Industrial Areas,20.2,30.3,71,146
6/8/2009,West Bengal,Kolkata,Cossipore Police Stn,Industrial Areas,18.2,85.5,236,361
6/11/2009,West Bengal,Kolkata,Cossipore Police Stn,Industrial Areas,24.2,67.8,206,310
16/6/2009,West Bengal,Kolkata,Cossipore Police Stn,Industrial Areas,22,34.7,161,284
18/6/2009,West Bengal,Kolkata,Cossipore Police Stn,Industrial Areas,17.7,74.7,214,390
22/6/2009,West Bengal,Kolkata,Cossipore Police Stn,Industrial Areas,14.5,35.9,142,243
25/6/2009,West Bengal,Kolkata,Cossipore Police Stn,Industrial Areas,13.7,23.5,102,192
7/6/2009,West Bengal,Kolkata,Cossipore Police Stn,Industrial Areas,NA,30.9,113,160
7/9/2009,West Bengal,Kolkata,Cossipore Police Stn,Industrial Areas,14.7,52.2,61,146
13/7/2009,West Bengal,Kolkata,Cossipore Police Stn,Industrial Areas,23.3,67.7,34,96
16/7/2009,West Bengal,Kolkata,Cossipore Police Stn,Industrial Areas,NA,57.3,112,155
20/7/2009,West Bengal,Kolkata,Cossipore Police Stn,Industrial Areas,21.3,11.8,43,83
23/7/2009,West Bengal,Kolkata,Cossipore Police Stn,Industrial Areas,30.7,70,240,333
27/7/2009,West Bengal,Kolkata,Cossipore Police Stn,Industrial Areas,28.8,95.5,186,238
30/7/2009,West Bengal,Kolkata,Cossipore Police Stn,Industrial Areas,6.8,25.7,253,382
8/4/2009,West Bengal,Kolkata,Cossipore Police Stn,Industrial Areas,26.8,99,252,373
8/6/2009,West Bengal,Kolkata,Cossipore Police Stn,Industrial Areas,11.2,90.3,230,297
8/10/2009,West Bengal,Kolkata,Cossipore Police Stn,Industrial Areas,NA,43.3,106,191
8/12/2009,West Bengal,Kolkata,Cossipore Police Stn,Industrial Areas,24,91.3,136,249
17/8/2009,West Bengal,Kolkata,Cossipore Police Stn,Industrial Areas,22.2,77.2,220,371
20/8/2009,West Bengal,Kolkata,Cossipore Police Stn,Industrial Areas,33.3,72.3,182,393
24/8/2009,West Bengal,Kolkata,Cossipore Police Stn,Industrial Areas,24.8,63.7,177,223
27/8/2009,West Bengal,Kolkata,Cossipore Police Stn,Industrial Areas,NA,50.5,144,210
9/1/2009,West Bengal,Kolkata,Cossipore Police Stn,Industrial Areas,30,82,53,152
9/3/2009,West Bengal,Kolkata,Cossipore Police Stn,Industrial Areas,NA,33.8,31,81
9/7/2009,West Bengal,Kolkata,Cossipore Police Stn,Industrial Areas,14.5,54.2,49,91
9/11/2009,West Bengal,Kolkata,Cossipore Police Stn,Industrial Areas,32.5,62.2,122,500
14/9/2009,West Bengal,Kolkata,Cossipore Police Stn,Industrial Areas,2.5,66,140,382
16/9/2009,West Bengal,Kolkata,Cossipore Police Stn,Industrial Areas,NA,99.7,83,300
22/9/2009,West Bengal,Kolkata,Cossipore Police Stn,Industrial Areas,32.2,92.2,89,239
11/5/2009,West Bengal,Kolkata,Cossipore Police Stn,Industrial Areas,32.5,83.5,177,331
11/9/2009,West Bengal,Kolkata,Cossipore Police Stn,Industrial Areas,45.5,114.8,203,430
11/11/2009,West Bengal,Kolkata,Cossipore Police Stn,Industrial Areas,20.2,77.2,187,379
13/11/2009,West Bengal,Kolkata,Cossipore Police Stn,Industrial Areas,26.5,73.8,190,541
16/11/2009,West Bengal,Kolkata,Cossipore Police Stn,Industrial Areas,18.5,36.7,86,166
18/11/2009,West Bengal,Kolkata,Cossipore Police Stn,Industrial Areas,26.5,69.3,93,377
25/11/2009,West Bengal,Kolkata,Cossipore Police Stn,Industrial Areas,44.7,117.8,292,574
27/11/2009,West Bengal,Kolkata,Cossipore Police Stn,Industrial Areas,43.2,88.3,229,411
12/3/2009,West Bengal,Kolkata,Cossipore Police Stn,Industrial Areas,61.7,98.3,228,719
12/7/2009,West Bengal,Kolkata,Cossipore Police Stn,Industrial Areas,47.2,130.7,313,594
12/9/2009,West Bengal,Kolkata,Cossipore Police Stn,Industrial Areas,86,95.7,261,442
14/12/2009,West Bengal,Kolkata,Cossipore Police Stn,Industrial Areas,46,101.7,364,640
16/12/2009,West Bengal,Kolkata,Cossipore Police Stn,Industrial Areas,11.7,85.4,386,585
21/12/2009,West Bengal,Kolkata,Cossipore Police Stn,Industrial Areas,29.3,116,233,447
23/12/2009,West Bengal,Kolkata,Cossipore Police Stn,Industrial Areas,39.7,114.5,343,629
29/12/2009,West Bengal,Kolkata,Cossipore Police Stn,Industrial Areas,22,126.3,365,596
4/3/2009,West Bengal,Kolkata,Dunlop Bridge,Industrial Areas,5.5,67.5,39,93
4/7/2009,West Bengal,Kolkata,Dunlop Bridge,Industrial Areas,5.9,52.4,40,98
4/11/2009,West Bengal,Kolkata,Dunlop Bridge,Industrial Areas,7.2,62.8,51,139
15/4/2009,West Bengal,Kolkata,Dunlop Bridge,Industrial Areas,5.3,47.7,33,87
18/4/2009,West Bengal,Kolkata,Dunlop Bridge,Industrial Areas,5.7,56.4,39,95
21/4/2009,West Bengal,Kolkata,Dunlop Bridge,Industrial Areas,5.2,49.4,37,102
24/4/2009,West Bengal,Kolkata,Dunlop Bridge,Industrial Areas,6.5,68.8,53,138
26/4/2009,West Bengal,Kolkata,Dunlop Bridge,Industrial Areas,5.5,54.2,54,144
30/4/2009,West Bengal,Kolkata,Dunlop Bridge,Industrial Areas,6.6,48.2,31,82
5/4/2009,West Bengal,Kolkata,Dunlop Bridge,Industrial Areas,5.8,46.6,40,124
5/9/2009,West Bengal,Kolkata,Dunlop Bridge,Industrial Areas,4.9,44.9,31,81
5/12/2009,West Bengal,Kolkata,Dunlop Bridge,Industrial Areas,6.7,52.6,48,118
14/5/2009,West Bengal,Kolkata,Dunlop Bridge,Industrial Areas,6.3,52.3,30,82
17/5/2009,West Bengal,Kolkata,Dunlop Bridge,Industrial Areas,5.5,45.4,18,62
22/5/2009,West Bengal,Kolkata,Dunlop Bridge,Industrial Areas,5.6,39.3,32,92
30/5/2009,West Bengal,Kolkata,Dunlop Bridge,Industrial Areas,6,51.1,61,152
4/1/2009,West Bengal,Kolkata,Baishnabghata,Residential and others,4.7,47.2,42,143
4/8/2009,West Bengal,Kolkata,Baishnabghata,Residential and others,5.2,47.8,44,103
4/11/2009,West Bengal,Kolkata,Baishnabghata,Residential and others,4.2,37.1,52,127
13/4/2009,West Bengal,Kolkata,Baishnabghata,Residential and others,5,47.2,46,117
17/4/2009,West Bengal,Kolkata,Baishnabghata,Residential and others,5.1,46.3,32,86
20/4/2009,West Bengal,Kolkata,Baishnabghata,Residential and others,4.9,47,49,121
23/4/2009,West Bengal,Kolkata,Baishnabghata,Residential and others,4.9,51.5,61,142
28/4/2009,West Bengal,Kolkata,Baishnabghata,Residential and others,4.9,41.3,37,98
5/1/2009,West Bengal,Kolkata,Baishnabghata,Residential and others,5.1,42.5,26,93
5/3/2009,West Bengal,Kolkata,Baishnabghata,Residential and others,5.4,43.6,38,114
5/7/2009,West Bengal,Kolkata,Baishnabghata,Residential and others,4.8,36.3,45,111
5/11/2009,West Bengal,Kolkata,Baishnabghata,Residential and others,4.6,33.1,31,81
15/5/2009,West Bengal,Kolkata,Baishnabghata,Residential and others,4.2,31.4,31,83
19/5/2009,West Bengal,Kolkata,Baishnabghata,Residential and others,4.3,28.3,32,78
23/5/2009,West Bengal,Kolkata,Baishnabghata,Residential and others,5.1,37.4,25,70
27/5/2009,West Bengal,Kolkata,Baishnabghata,Residential and others,4.3,34.8,27,70
29/5/2009,West Bengal,Kolkata,Baishnabghata,Residential and others,4.2,35.5,24,76
1/5/2009,West Bengal,Kolkata,Kasba,Residential and others,6.3,91.3,172,299
1/7/2009,West Bengal,Kolkata,Kasba,Residential and others,5.5,39.8,179,273
1/12/2009,West Bengal,Kolkata,Kasba,Residential and others,8.8,50.7,217,363
14/1/2009,West Bengal,Kolkata,Kasba,Residential and others,12.7,28.3,271,436
19/1/2009,West Bengal,Kolkata,Kasba,Residential and others,17.2,51,274,504
23/1/2009,West Bengal,Kolkata,Kasba,Residential and others,13.5,32,377,531
27/1/2009,West Bengal,Kolkata,Kasba,Residential and others,19.5,32.8,249,412
29/1/2009,West Bengal,Kolkata,Kasba,Residential and others,19.3,60,241,376
2/3/2009,West Bengal,Kolkata,Kasba,Residential and others,22.8,46.7,320,549
2/5/2009,West Bengal,Kolkata,Kasba,Residential and others,30,57.2,341,562
2/9/2009,West Bengal,Kolkata,Kasba,Residential and others,NA,25.4,364,575
2/11/2009,West Bengal,Kolkata,Kasba,Residential and others,8.8,26.5,333,547
16/2/2009,West Bengal,Kolkata,Kasba,Residential and others,11.7,39.8,357,537
18/2/2009,West Bengal,Kolkata,Kasba,Residential and others,15,61.4,336,541
23/2/2009,West Bengal,Kolkata,Kasba,Residential and others,17.3,67.8,361,524
25/2/2009,West Bengal,Kolkata,Kasba,Residential and others,23.7,46.8,352,564
3/3/2009,West Bengal,Kolkata,Kasba,Residential and others,4.3,66.3,299,504
3/5/2009,West Bengal,Kolkata,Kasba,Residential and others,2.5,34,255,414
3/12/2009,West Bengal,Kolkata,Kasba,Residential and others,NA,69.3,238,462
16/3/2009,West Bengal,Kolkata,Kasba,Residential and others,16.7,49.5,224,418
18/3/2009,West Bengal,Kolkata,Kasba,Residential and others,11,81.7,266,440
20/3/2009,West Bengal,Kolkata,Kasba,Residential and others,3.7,10.2,285,451
23/3/2009,West Bengal,Kolkata,Kasba,Residential and others,13.7,68.3,291,455
25/3/2009,West Bengal,Kolkata,Kasba,Residential and others,NA,27.3,328,493
4/1/2009,West Bengal,Kolkata,Kasba,Residential and others,12.7,21.2,195,307
4/8/2009,West Bengal,Kolkata,Kasba,Residential and others,23.7,39.7,211,328
13/4/2009,West Bengal,Kolkata,Kasba,Residential and others,9.8,14.3,251,386
16/4/2009,West Bengal,Kolkata,Kasba,Residential and others,7.3,25.8,163,235
20/4/2009,West Bengal,Kolkata,Kasba,Residential and others,9.3,18.6,160,311
23/4/2009,West Bengal,Kolkata,Kasba,Residential and others,8.8,37.1,184,312
27/4/2009,West Bengal,Kolkata,Kasba,Residential and others,NA,24.1,240,340
29/4/2009,West Bengal,Kolkata,Kasba,Residential and others,12.2,21.3,210,326
5/4/2009,West Bengal,Kolkata,Kasba,Residential and others,23,21.3,154,251
5/7/2009,West Bengal,Kolkata,Kasba,Residential and others,18.8,19.4,157,237
5/11/2009,West Bengal,Kolkata,Kasba,Residential and others,20.2,6.1,174,247
14/5/2009,West Bengal,Kolkata,Kasba,Residential and others,15.3,36.7,156,224
18/5/2009,West Bengal,Kolkata,Kasba,Residential and others,16.3,30.8,156,224
20/5/2009,West Bengal,Kolkata,Kasba,Residential and others,18,34.5,140,259
26/5/2009,West Bengal,Kolkata,Kasba,Residential and others,21.7,43.7,162,290
28/5/2009,West Bengal,Kolkata,Kasba,Residential and others,12.2,20.7,192,301
6/4/2009,West Bengal,Kolkata,Kasba,Residential and others,18.2,41.5,44,144
6/8/2009,West Bengal,Kolkata,Kasba,Residential and others,22.8,28.7,115,230
6/11/2009,West Bengal,Kolkata,Kasba,Residential and others,29.7,34.7,150,286
16/6/2009,West Bengal,Kolkata,Kasba,Residential and others,14.7,15.9,156,299
18/6/2009,West Bengal,Kolkata,Kasba,Residential and others,14.7,33.9,137,256
22/6/2009,West Bengal,Kolkata,Kasba,Residential and others,12.7,38,118,226
25/6/2009,West Bengal,Kolkata,Kasba,Residential and others,14.7,18.3,70,191
7/6/2009,West Bengal,Kolkata,Kasba,Residential and others,NA,16.6,63,103
7/9/2009,West Bengal,Kolkata,Kasba,Residential and others,14.2,28.7,80,224
13/7/2009,West Bengal,Kolkata,Kasba,Residential and others,22.5,64,30,167
16/7/2009,West Bengal,Kolkata,Kasba,Residential and others,NA,50.5,95,162
20/7/2009,West Bengal,Kolkata,Kasba,Residential and others,21.2,21.6,31,103
23/7/2009,West Bengal,Kolkata,Kasba,Residential and others,17.8,36.6,49,115
27/7/2009,West Bengal,Kolkata,Kasba,Residential and others,27.7,85.3,49,81
30/7/2009,West Bengal,Kolkata,Kasba,Residential and others,NA,26.3,59,160
8/4/2009,West Bengal,Kolkata,Kasba,Residential and others,14,42.8,99,178
8/6/2009,West Bengal,Kolkata,Kasba,Residential and others,NA,47.8,77,149
8/10/2009,West Bengal,Kolkata,Kasba,Residential and others,NA,58.8,81,174
8/12/2009,West Bengal,Kolkata,Kasba,Residential and others,22.2,70.8,32,122
17/8/2009,West Bengal,Kolkata,Kasba,Residential and others,21.7,61.8,24,103
20/8/2009,West Bengal,Kolkata,Kasba,Residential and others,20.7,29.1,34,100
24/8/2009,West Bengal,Kolkata,Kasba,Residential and others,22.3,62.7,34,105
27/8/2009,West Bengal,Kolkata,Kasba,Residential and others,NA,55.8,71,110
9/1/2009,West Bengal,Kolkata,Kasba,Residential and others,29,67.5,32,185
9/3/2009,West Bengal,Kolkata,Kasba,Residential and others,NA,34.8,21,160
9/7/2009,West Bengal,Kolkata,Kasba,Residential and others,12.3,27.6,24,61
9/9/2009,West Bengal,Kolkata,Kasba,Residential and others,19.8,45,51,363
9/11/2009,West Bengal,Kolkata,Kasba,Residential and others,18.5,30.4,49,271
14/9/2009,West Bengal,Kolkata,Kasba,Residential and others,NA,14.8,65,337
16/9/2009,West Bengal,Kolkata,Kasba,Residential and others,NA,21.6,32,170
22/9/2009,West Bengal,Kolkata,Kasba,Residential and others,17.2,58.2,34,152
11/5/2009,West Bengal,Kolkata,Kasba,Residential and others,22.5,73.7,152,377
11/9/2009,West Bengal,Kolkata,Kasba,Residential and others,28.2,92,145,370
11/11/2009,West Bengal,Kolkata,Kasba,Residential and others,12.8,59.9,172,380
13/11/2009,West Bengal,Kolkata,Kasba,Residential and others,18.3,76.8,144,426
16/11/2009,West Bengal,Kolkata,Kasba,Residential and others,5.5,41.7,68,132
18/11/2009,West Bengal,Kolkata,Kasba,Residential and others,3.2,57.2,96,205
25/11/2009,West Bengal,Kolkata,Kasba,Residential and others,16.2,83.2,97,168
27/11/2009,West Bengal,Kolkata,Kasba,Residential and others,45.8,68,275,525
12/3/2009,West Bengal,Kolkata,Kasba,Residential and others,31.5,87,275,487
12/7/2009,West Bengal,Kolkata,Kasba,Residential and others,15.8,98.2,223,442
12/9/2009,West Bengal,Kolkata,Kasba,Residential and others,22.8,92,255,451
14/12/2009,West Bengal,Kolkata,Kasba,Residential and others,16.3,80.8,305,539
16/12/2009,West Bengal,Kolkata,Kasba,Residential and others,NA,38.6,272,549
21/12/2009,West Bengal,Kolkata,Kasba,Residential and others,6.7,71.3,216,400
23/12/2009,West Bengal,Kolkata,Kasba,Residential and others,12,56.4,309,635
29/12/2009,West Bengal,Kolkata,Kasba,Residential and others,8.2,91.5,333,636
1/5/2009,West Bengal,Kolkata,Lal Bazar,Residential and others,7.8,120.8,191,348
1/7/2009,West Bengal,Kolkata,Lal Bazar,Residential and others,6.3,63.5,192,361
1/12/2009,West Bengal,Kolkata,Lal Bazar,Residential and others,12,70.5,235,378
14/1/2009,West Bengal,Kolkata,Lal Bazar,Residential and others,18.2,70,261,396
19/1/2009,West Bengal,Kolkata,Lal Bazar,Residential and others,19.7,93,314,512
23/1/2009,West Bengal,Kolkata,Lal Bazar,Residential and others,17.2,NA,332,519
27/1/2009,West Bengal,Kolkata,Lal Bazar,Residential and others,24.8,57.5,273,443
29/1/2009,West Bengal,Kolkata,Lal Bazar,Residential and others,35.7,103.8,255,481
2/3/2009,West Bengal,Kolkata,Lal Bazar,Residential and others,22.3,75.5,334,541
2/5/2009,West Bengal,Kolkata,Lal Bazar,Residential and others,38,107.7,288,490
2/9/2009,West Bengal,Kolkata,Lal Bazar,Residential and others,2.7,71.8,359,523
2/11/2009,West Bengal,Kolkata,Lal Bazar,Residential and others,12.3,61.8,374,520
16/2/2009,West Bengal,Kolkata,Lal Bazar,Residential and others,21,48.5,357,525
18/2/2009,West Bengal,Kolkata,Lal Bazar,Residential and others,5.7,140.2,375,532
23/2/2009,West Bengal,Kolkata,Lal Bazar,Residential and others,17.3,81,397,516
25/2/2009,West Bengal,Kolkata,Lal Bazar,Residential and others,22.2,89.8,329,543
3/3/2009,West Bengal,Kolkata,Lal Bazar,Residential and others,3.5,71,308,461
3/5/2009,West Bengal,Kolkata,Lal Bazar,Residential and others,3,57.2,326,494
3/12/2009,West Bengal,Kolkata,Lal Bazar,Residential and others,3.3,108.8,320,516
16/3/2009,West Bengal,Kolkata,Lal Bazar,Residential and others,11.3,70.5,263,452
18/3/2009,West Bengal,Kolkata,Lal Bazar,Residential and others,13.2,102.2,316,482
20/3/2009,West Bengal,Kolkata,Lal Bazar,Residential and others,8.2,50.3,268,457
23/3/2009,West Bengal,Kolkata,Lal Bazar,Residential and others,13.8,78,322,557
25/3/2009,West Bengal,Kolkata,Lal Bazar,Residential and others,5.8,38.3,275,461
4/1/2009,West Bengal,Kolkata,Lal Bazar,Residential and others,12.7,39.8,175,313
4/8/2009,West Bengal,Kolkata,Lal Bazar,Residential and others,29.8,61.3,219,362
13/4/2009,West Bengal,Kolkata,Lal Bazar,Residential and others,14.3,50.5,202,369
16/4/2009,West Bengal,Kolkata,Lal Bazar,Residential and others,10.5,22.5,163,317
20/4/2009,West Bengal,Kolkata,Lal Bazar,Residential and others,10.3,35.8,235,411
23/4/2009,West Bengal,Kolkata,Lal Bazar,Residential and others,9.5,57.7,215,362
27/4/2009,West Bengal,Kolkata,Lal Bazar,Residential and others,NA,32.1,233,386
29/4/2009,West Bengal,Kolkata,Lal Bazar,Residential and others,12,33.9,209,371
5/4/2009,West Bengal,Kolkata,Lal Bazar,Residential and others,25,27.9,107,231
5/7/2009,West Bengal,Kolkata,Lal Bazar,Residential and others,20.5,36.3,148,253
5/11/2009,West Bengal,Kolkata,Lal Bazar,Residential and others,13.7,9,153,241
14/5/2009,West Bengal,Kolkata,Lal Bazar,Residential and others,15,47.7,152,208
18/5/2009,West Bengal,Kolkata,Lal Bazar,Residential and others,19.3,28.7,157,256
20/5/2009,West Bengal,Kolkata,Lal Bazar,Residential and others,17.7,52.8,131,217
26/5/2009,West Bengal,Kolkata,Lal Bazar,Residential and others,22.3,50.7,138,213
28/5/2009,West Bengal,Kolkata,Lal Bazar,Residential and others,12,33.9,160,232
6/2/2009,West Bengal,Kolkata,Lal Bazar,Residential and others,NA,65.8,171,267
6/4/2009,West Bengal,Kolkata,Lal Bazar,Residential and others,18.8,38.7,106,199
6/8/2009,West Bengal,Kolkata,Lal Bazar,Residential and others,17.2,48.2,129,235
6/11/2009,West Bengal,Kolkata,Lal Bazar,Residential and others,23.5,31.8,112,224
16/6/2009,West Bengal,Kolkata,Lal Bazar,Residential and others,21,12.8,130,227
18/6/2009,West Bengal,Kolkata,Lal Bazar,Residential and others,14.5,26.3,169,257
22/6/2009,West Bengal,Kolkata,Lal Bazar,Residential and others,14.3,30.5,161,281
25/6/2009,West Bengal,Kolkata,Lal Bazar,Residential and others,13,25.3,124,222
7/6/2009,West Bengal,Kolkata,Lal Bazar,Residential and others,NA,37.3,97,147
7/9/2009,West Bengal,Kolkata,Lal Bazar,Residential and others,13.8,33.2,76,128
13/7/2009,West Bengal,Kolkata,Lal Bazar,Residential and others,21.7,71,59,144
16/7/2009,West Bengal,Kolkata,Lal Bazar,Residential and others,NA,53.5,89,124
20/7/2009,West Bengal,Kolkata,Lal Bazar,Residential and others,20.5,18.6,62,98
23/7/2009,West Bengal,Kolkata,Lal Bazar,Residential and others,19,55.8,108,195
27/7/2009,West Bengal,Kolkata,Lal Bazar,Residential and others,25.3,79.7,53,106
30/7/2009,West Bengal,Kolkata,Lal Bazar,Residential and others,NA,24.8,144,215
8/4/2009,West Bengal,Kolkata,Lal Bazar,Residential and others,19.5,70,150,235
8/6/2009,West Bengal,Kolkata,Lal Bazar,Residential and others,NA,53.3,135,190
8/10/2009,West Bengal,Kolkata,Lal Bazar,Residential and others,NA,39.5,111,186
8/12/2009,West Bengal,Kolkata,Lal Bazar,Residential and others,21.3,71.7,104,146
17/8/2009,West Bengal,Kolkata,Lal Bazar,Residential and others,26.2,68,78,161
20/8/2009,West Bengal,Kolkata,Lal Bazar,Residential and others,20.3,75,76,158
24/8/2009,West Bengal,Kolkata,Lal Bazar,Residential and others,22.2,54.8,67,119
27/8/2009,West Bengal,Kolkata,Lal Bazar,Residential and others,NA,80.3,80,127
9/1/2009,West Bengal,Kolkata,Lal Bazar,Residential and others,32,69,30,140
9/3/2009,West Bengal,Kolkata,Lal Bazar,Residential and others,NA,36.7,33,115
9/7/2009,West Bengal,Kolkata,Lal Bazar,Residential and others,8.3,35.1,36,94
9/9/2009,West Bengal,Kolkata,Lal Bazar,Residential and others,18.5,89.3,54,167
9/11/2009,West Bengal,Kolkata,Lal Bazar,Residential and others,14.3,41.5,69,251
14/9/2009,West Bengal,Kolkata,Lal Bazar,Residential and others,NA,37.9,77,252
16/9/2009,West Bengal,Kolkata,Lal Bazar,Residential and others,NA,39.5,64,230
22/9/2009,West Bengal,Kolkata,Lal Bazar,Residential and others,23.8,78.7,48,177
11/5/2009,West Bengal,Kolkata,Lal Bazar,Residential and others,24.5,84.7,150,350
11/9/2009,West Bengal,Kolkata,Lal Bazar,Residential and others,27.3,91.5,151,326
11/11/2009,West Bengal,Kolkata,Lal Bazar,Residential and others,12.2,62.7,156,320
13/11/2009,West Bengal,Kolkata,Lal Bazar,Residential and others,21,63.4,129,321
16/11/2009,West Bengal,Kolkata,Lal Bazar,Residential and others,NA,51.8,77,195
18/11/2009,West Bengal,Kolkata,Lal Bazar,Residential and others,16.3,79.8,146,269
25/11/2009,West Bengal,Kolkata,Lal Bazar,Residential and others,NA,47.8,311,507
27/11/2009,West Bengal,Kolkata,Lal Bazar,Residential and others,44.3,91.7,221,489
12/3/2009,West Bengal,Kolkata,Lal Bazar,Residential and others,27.5,103.8,257,525
12/7/2009,West Bengal,Kolkata,Lal Bazar,Residential and others,29.2,111.5,360,602
12/9/2009,West Bengal,Kolkata,Lal Bazar,Residential and others,40.3,95.7,244,478
14/12/2009,West Bengal,Kolkata,Lal Bazar,Residential and others,30.8,106.8,330,529
16/12/2009,West Bengal,Kolkata,Lal Bazar,Residential and others,8.3,102.8,294,547
21/12/2009,West Bengal,Kolkata,Lal Bazar,Residential and others,13.7,69.5,228,444
23/12/2009,West Bengal,Kolkata,Lal Bazar,Residential and others,35.7,67.7,284,534
29/12/2009,West Bengal,Kolkata,Lal Bazar,Residential and others,14.7,107.7,368,561
4/1/2009,West Bengal,Kolkata,Minto Park,Residential and others,6.6,61.5,42,109
4/4/2009,West Bengal,Kolkata,Minto Park,Residential and others,5.9,61.2,36,82
4/6/2009,West Bengal,Kolkata,Minto Park,Residential and others,5.2,61.4,48,108
4/9/2009,West Bengal,Kolkata,Minto Park,Residential and others,4.9,67,65,139
4/12/2009,West Bengal,Kolkata,Minto Park,Residential and others,5,64.9,43,97
17/4/2009,West Bengal,Kolkata,Minto Park,Residential and others,6.1,58.9,30,84
21/4/2009,West Bengal,Kolkata,Minto Park,Residential and others,5.3,49.5,48,118
25/4/2009,West Bengal,Kolkata,Minto Park,Residential and others,5.6,47,62,150
29/4/2009,West Bengal,Kolkata,Minto Park,Residential and others,5.4,51.3,34,111
5/2/2009,West Bengal,Kolkata,Minto Park,Residential and others,5.1,47.8,31,74
5/4/2009,West Bengal,Kolkata,Minto Park,Residential and others,5.5,54.3,40,109
5/6/2009,West Bengal,Kolkata,Minto Park,Residential and others,7.3,52.6,35,106
5/10/2009,West Bengal,Kolkata,Minto Park,Residential and others,5.3,48.4,36,101
15/5/2009,West Bengal,Kolkata,Minto Park,Residential and others,5.8,42.4,32,86
20/5/2009,West Bengal,Kolkata,Minto Park,Residential and others,6,42.8,36,102
23/5/2009,West Bengal,Kolkata,Minto Park,Residential and others,5.4,56.4,21,62
26/5/2009,West Bengal,Kolkata,Minto Park,Residential and others,5.7,51.8,38,97
30/5/2009,West Bengal,Kolkata,Minto Park,Residential and others,5,53.8,45,110
4/1/2009,West Bengal,Kolkata,Moulali,Residential and others,6.8,76.4,67,152
4/8/2009,West Bengal,Kolkata,Moulali,Residential and others,7.3,74.2,48,123
4/11/2009,West Bengal,Kolkata,Moulali,Residential and others,7.1,68.3,54,136
13/4/2009,West Bengal,Kolkata,Moulali,Residential and others,6,66.7,44,126
17/4/2009,West Bengal,Kolkata,Moulali,Residential and others,6.2,61.6,33,90
20/4/2009,West Bengal,Kolkata,Moulali,Residential and others,6.8,60.3,55,142
23/4/2009,West Bengal,Kolkata,Moulali,Residential and others,7.1,68.7,82,191
28/4/2009,West Bengal,Kolkata,Moulali,Residential and others,5.6,62.1,36,104
5/1/2009,West Bengal,Kolkata,Moulali,Residential and others,6.8,58,60,146
5/3/2009,West Bengal,Kolkata,Moulali,Residential and others,6.6,65,51,146
5/7/2009,West Bengal,Kolkata,Moulali,Residential and others,6.3,66.5,43,107
5/11/2009,West Bengal,Kolkata,Moulali,Residential and others,5.7,61.4,40,93
15/5/2009,West Bengal,Kolkata,Moulali,Residential and others,6.1,55.3,38,103
19/5/2009,West Bengal,Kolkata,Moulali,Residential and others,7.2,65.8,40,105
23/5/2009,West Bengal,Kolkata,Moulali,Residential and others,6.8,58.5,30,86
27/5/2009,West Bengal,Kolkata,Moulali,Residential and others,6.1,52.7,38,103
29/5/2009,West Bengal,Kolkata,Moulali,Residential and others,6.3,56.9,43,104
4/2/2009,West Bengal,Kolkata,Salt Lake,Residential and others,5.1,55.7,81,181
4/5/2009,West Bengal,Kolkata,Salt Lake,Residential and others,6.6,52.9,37,87
4/10/2009,West Bengal,Kolkata,Salt Lake,Residential and others,5.6,56.5,72,144
14/4/2009,West Bengal,Kolkata,Salt Lake,Residential and others,5.4,61.6,54,118
16/4/2009,West Bengal,Kolkata,Salt Lake,Residential and others,6.1,57.5,36,107
19/4/2009,West Bengal,Kolkata,Salt Lake,Residential and others,6,56.3,71,159
22/4/2009,West Bengal,Kolkata,Salt Lake,Residential and others,5.1,47,45,124
27/4/2009,West Bengal,Kolkata,Salt Lake,Residential and others,4.9,50.1,83,158
29/4/2009,West Bengal,Kolkata,Salt Lake,Residential and others,5,42.9,45,126
5/5/2009,West Bengal,Kolkata,Salt Lake,Residential and others,5,42.6,36,110
5/8/2009,West Bengal,Kolkata,Salt Lake,Residential and others,5.4,58.2,48,110
13/5/2009,West Bengal,Kolkata,Salt Lake,Residential and others,5.1,49,38,95
16/5/2009,West Bengal,Kolkata,Salt Lake,Residential and others,5.2,52.6,54,131
18/5/2009,West Bengal,Kolkata,Salt Lake,Residential and others,4.8,49.5,44,116
21/5/2009,West Bengal,Kolkata,Salt Lake,Residential and others,4.2,42.2,28,76
24/5/2009,West Bengal,Kolkata,Salt Lake,Residential and others,4.3,41.4,21,61
28/5/2009,West Bengal,Kolkata,Salt Lake,Residential and others,4.3,46.2,26,70
31/5/2009,West Bengal,Kolkata,Salt Lake,Residential and others,4.3,46.3,28,82
